observation_id,plant_instance_id,lot_id,position_tag,replacement_index,classification,species,variety,image_id,image_filename,image_light_type,flash_image_id,flash_image_filename,crop_path,capture_camera_id,temperature,humidity,water_level,light_minutes,had_light,capture_interval_min,light_minutes_in_period,ventilation_minutes,had_ventilation,ventilation_minutes_in_period,lot_day,light_hours_accumulated,light_hours_per_day,vent_hours_accumulated,vent_hours_per_day,relay_light,relay_irrigation,relay_ventilation,local_status,observed_at
6471,,LOT-20260506-651F-010,,,,Chile Serrano,,3538,cam2_20260506_150847.jpg,ambient,3539,cam2_20260506_150849.jpg,,2,27.9,36,100,0,0,15,0.0,0.0,0,0.0,1,0.0,0.0,0.0,0.0,0,0,0,,2026-05-06 21:08:50
6483,,LOT-20260506-651F-010,,,,Chile Serrano,,3554,cam2_20260506_154108.jpg,ambient,3556,cam2_20260506_154111.jpg,,2,27.8,37,100,0,0,15,0.0,0.0,0,0.0,1,0.0,0.0,0.0,0.0,0,0,0,,2026-05-06 21:41:11
6495,,LOT-20260506-651F-010,,,,Chile Serrano,,3558,cam2_20260506_155609.jpg,ambient,3560,cam2_20260506_155612.jpg,,2,28.1,44,100,0,0,15,0.0,0.0,0,0.0,1,0.0,0.0,0.0,0.0,0,0,0,,2026-05-06 21:56:13
6507,,LOT-20260506-651F-010,,,,Chile Serrano,,3562,cam2_20260506_161149.jpg,ambient,3564,cam2_20260506_161152.jpg,,2,28.1,41,100,0,0,15,0.0,0.0,0,0.0,1,0.0,0.0,0.0,0.0,0,0,0,,2026-05-06 22:11:53
6526,,LOT-20260506-651F-010,,,,Chile Serrano,,3567,cam2_20260506_162745.jpg,ambient,3569,cam2_20260506_162751.jpg,,2,27.1,38,100,0,0,15,0.0,0.0,0,0.0,1,0.0,0.0,0.0,0.0,0,0,0,,2026-05-06 22:27:52
6531,,LOT-20260506-651F-010,,,,Chile Serrano,,3570,cam2_20260506_164245.jpg,ambient,3572,cam2_20260506_164249.jpg,,2,27.7,37,100,0,0,15,0.0,0.0,0,0.0,1,0.0,0.0,0.0,0.0,0,0,0,,2026-05-06 22:42:50
6543,,LOT-20260506-651F-010,,,,Chile Serrano,,3574,cam2_20260506_165840.jpg,ambient,3576,cam2_20260506_165843.jpg,,2,27.5,36,100,0,0,15,0.0,0.0,0,0.0,1,0.0,0.0,0.0,0.0,0,0,0,,2026-05-06 22:58:45
6555,,LOT-20260506-651F-010,,,,Chile Serrano,,3578,cam2_20260506_171340.jpg,ambient,3580,cam2_20260506_171343.jpg,,2,27.3,36,100,0,0,15,0.0,0.0,0,0.0,1,0.0,0.0,0.0,0.0,0,0,0,,2026-05-06 23:13:45
6567,,LOT-20260506-651F-010,,,,Chile Serrano,,3582,cam2_20260506_172840.jpg,ambient,3584,cam2_20260506_172842.jpg,,2,27.7,35,100,0,0,15,0.0,0.0,0,0.0,1,0.0,0.0,0.0,0.0,0,0,0,,2026-05-06 23:28:43
6579,,LOT-20260506-651F-010,,,,Chile Serrano,,3586,cam2_20260506_174340.jpg,ambient,3588,cam2_20260506_174343.jpg,,2,27.5,36,100,0,0,15,0.0,0.0,0,0.0,1,0.0,0.0,0.0,0.0,0,0,0,,2026-05-06 23:43:45
6598,,LOT-20260506-651F-010,,,,Chile Serrano,,3591,cam2_20260506_175840.jpg,ambient,3593,cam2_20260506_175847.jpg,,2,27.3,36,94.4,0,0,15,0.0,0.0,0,0.0,1,0.0,0.0,0.0,0.0,0,0,0,,2026-05-06 23:58:48
6603,,LOT-20260506-651F-010,,,,Chile Serrano,,3594,cam2_20260506_181340.jpg,ambient,3596,cam2_20260506_181344.jpg,,2,27.6,37,100,0,1,15,15.0,0.0,0,0.0,1,0.0,0.0,0.0,0.0,0,0,0,,2026-05-07 00:13:45
6615,,LOT-20260506-651F-010,,,,Chile Serrano,,3598,cam2_20260506_190125.jpg,ambient,3600,cam2_20260506_190129.jpg,,2,27.6,42,100,0,0,15,0.0,0.0,0,0.0,1,0.0,0.0,0.0,0.0,0,0,0,,2026-05-07 01:01:31
6627,,LOT-20260506-651F-010,,,,Chile Serrano,,3602,cam2_20260506_221819.jpg,ambient,3604,cam2_20260506_221822.jpg,,2,26.2,43,100,69,0,15,0.0,0.0,0,0.0,1,1.1,1.1,0.0,0.0,0,0,0,,2026-05-07 04:18:24
6639,,LOT-20260506-651F-010,,,,Chile Serrano,,3606,cam2_20260506_223319.jpg,ambient,3608,cam2_20260506_223322.jpg,,2,26.3,42,97.2,69,0,15,0.0,0.0,0,0.0,1,1.1,1.1,0.0,0.0,0,0,0,,2026-05-07 04:33:23
6651,,LOT-20260506-651F-010,,,,Chile Serrano,,3610,cam2_20260506_224819.jpg,ambient,3612,cam2_20260506_224822.jpg,,2,26.2,42,100,70,0,15,0.0,0.0,0,0.0,1,1.2,1.2,0.0,0.0,0,0,0,,2026-05-07 04:48:23
6663,,LOT-20260506-651F-010,,,,Chile Serrano,,3614,cam2_20260506_230320.jpg,ambient,3616,cam2_20260506_230322.jpg,,2,26.2,43,100,70,0,15,0.0,0.0,0,0.0,1,1.2,1.2,0.0,0.0,0,0,0,,2026-05-07 05:03:23
6675,,LOT-20260506-651F-010,,,,Chile Serrano,,3618,cam2_20260506_231819.jpg,ambient,3620,cam2_20260506_231822.jpg,,2,26.1,42,98.1,70,0,15,0.0,0.0,0,0.0,1,1.2,1.2,0.0,0.0,0,0,0,,2026-05-07 05:18:23
6687,,LOT-20260506-651F-010,,,,Chile Serrano,,3622,cam2_20260506_233319.jpg,ambient,3624,cam2_20260506_233322.jpg,,2,26.2,46,99.1,70,0,15,0.0,0.0,0,0.0,1,1.2,1.2,0.0,0.0,0,0,0,,2026-05-07 05:33:23
6699,,LOT-20260506-651F-010,,,,Chile Serrano,,3626,cam2_20260506_234819.jpg,ambient,3628,cam2_20260506_234822.jpg,,2,26.8,52,100,70,0,15,0.0,0.0,0,0.0,1,1.2,1.2,0.0,0.0,0,0,0,,2026-05-07 05:48:23
6711,,LOT-20260506-651F-010,,,,Chile Serrano,,3630,cam2_20260507_000319.jpg,ambient,3632,cam2_20260507_000322.jpg,,2,27.2,51,100,70,0,15,0.0,0.0,0,0.0,1,1.2,1.2,0.0,0.0,0,0,0,,2026-05-07 06:03:23
6723,,LOT-20260506-651F-010,,,,Chile Serrano,,3634,cam2_20260507_001820.jpg,ambient,3636,cam2_20260507_001822.jpg,,2,27.3,54,96.3,70,0,15,0.0,0.0,0,0.0,1,1.2,1.2,0.0,0.0,0,0,0,,2026-05-07 06:18:23
6735,,LOT-20260506-651F-010,,,,Chile Serrano,,3638,cam2_20260507_003319.jpg,ambient,3640,cam2_20260507_003322.jpg,,2,27.2,53,80.6,70,0,15,0.0,0.0,0,0.0,1,1.2,1.2,0.0,0.0,0,0,0,,2026-05-07 06:33:23
6747,,LOT-20260506-651F-010,,,,Chile Serrano,,3642,cam2_20260507_004819.jpg,ambient,3644,cam2_20260507_004822.jpg,,2,27.4,53,58,70,0,15,0.0,0.0,0,0.0,1,1.2,1.2,0.0,0.0,0,0,0,,2026-05-07 06:48:23
6759,,LOT-20260506-651F-010,,,,Chile Serrano,,3646,cam2_20260507_010319.jpg,ambient,3648,cam2_20260507_010322.jpg,,2,27.5,52,100,70,0,15,0.0,0.0,0,0.0,1,1.2,1.2,0.0,0.0,0,0,0,,2026-05-07 07:03:23
6771,,LOT-20260506-651F-010,,,,Chile Serrano,,3650,cam2_20260507_011819.jpg,ambient,3652,cam2_20260507_011823.jpg,,2,27.5,48,100,70,0,15,0.0,0.0,0,0.0,1,1.2,1.2,0.0,0.0,0,0,0,,2026-05-07 07:18:24
6783,,LOT-20260506-651F-010,,,,Chile Serrano,,3654,cam2_20260507_013319.jpg,ambient,3656,cam2_20260507_013322.jpg,,2,27.6,50,89.8,70,0,15,0.0,0.0,0,0.0,1,1.2,1.2,0.0,0.0,0,0,0,,2026-05-07 07:33:23
6795,,LOT-20260506-651F-010,,,,Chile Serrano,,3658,cam2_20260507_014819.jpg,ambient,3660,cam2_20260507_014822.jpg,,2,27.5,51,90.7,70,0,15,0.0,0.0,0,0.0,1,1.2,1.2,0.0,0.0,0,0,0,,2026-05-07 07:48:23
6807,,LOT-20260506-651F-010,,,,Chile Serrano,,3662,cam2_20260507_020319.jpg,ambient,3664,cam2_20260507_020322.jpg,,2,27.7,52,98.1,70,0,15,0.0,0.0,0,0.0,1,1.2,1.2,0.0,0.0,0,0,0,,2026-05-07 08:03:23
6819,,LOT-20260506-651F-010,,,,Chile Serrano,,3666,cam2_20260507_021819.jpg,ambient,3668,cam2_20260507_021822.jpg,,2,27.7,49,84.3,70,0,15,0.0,0.0,0,0.0,1,1.2,1.2,0.0,0.0,0,0,0,,2026-05-07 08:18:23
6831,,LOT-20260506-651F-010,,,,Chile Serrano,,3670,cam2_20260507_023319.jpg,ambient,3672,cam2_20260507_023322.jpg,,2,27.6,51,88,70,0,15,0.0,0.0,0,0.0,1,1.2,1.2,0.0,0.0,0,0,0,,2026-05-07 08:33:23
6843,,LOT-20260506-651F-010,,,,Chile Serrano,,3674,cam2_20260507_024819.jpg,ambient,3676,cam2_20260507_024822.jpg,,2,27.6,53,90.7,70,0,15,0.0,0.0,0,0.0,1,1.2,1.2,0.0,0.0,0,0,0,,2026-05-07 08:48:23
6855,,LOT-20260506-651F-010,,,,Chile Serrano,,3678,cam2_20260507_030320.jpg,ambient,3680,cam2_20260507_030322.jpg,,2,27.6,53,87,70,0,15,0.0,0.0,0,0.0,1,1.2,1.2,0.0,0.0,0,0,0,,2026-05-07 09:03:23
6867,,LOT-20260506-651F-010,,,,Chile Serrano,,3682,cam2_20260507_031819.jpg,ambient,3684,cam2_20260507_031822.jpg,,2,27.6,52,83.3,70,0,15,0.0,0.0,0,0.0,1,1.2,1.2,0.0,0.0,0,0,0,,2026-05-07 09:18:23
6879,,LOT-20260506-651F-010,,,,Chile Serrano,,3686,cam2_20260507_033319.jpg,ambient,3688,cam2_20260507_033322.jpg,,2,27.6,52,79.6,70,0,15,0.0,0.0,0,0.0,1,1.2,1.2,0.0,0.0,0,0,0,,2026-05-07 09:33:23
6891,,LOT-20260506-651F-010,,,,Chile Serrano,,3690,cam2_20260507_034819.jpg,ambient,3692,cam2_20260507_034822.jpg,,2,27.6,52,67.9,70,0,15,0.0,0.0,0,0.0,1,1.2,1.2,0.0,0.0,0,0,0,,2026-05-07 09:48:23
6903,,LOT-20260506-651F-010,,,,Chile Serrano,,3694,cam2_20260507_040319.jpg,ambient,3696,cam2_20260507_040322.jpg,,2,27.6,53,79.6,70,0,15,0.0,0.0,0,0.0,1,1.2,1.2,0.0,0.0,0,0,0,,2026-05-07 10:03:23
6915,,LOT-20260506-651F-010,,,,Chile Serrano,,3698,cam2_20260507_041820.jpg,ambient,3700,cam2_20260507_041822.jpg,,2,27.8,52,81.5,71,0,15,0.0,0.0,0,0.0,1,1.2,1.2,0.0,0.0,0,0,0,,2026-05-07 10:18:23
6927,,LOT-20260506-651F-010,,,,Chile Serrano,,3702,cam2_20260507_043319.jpg,ambient,3704,cam2_20260507_043322.jpg,,2,27.5,52,80.6,71,0,15,0.0,0.0,0,0.0,1,1.2,1.2,0.0,0.0,0,0,0,,2026-05-07 10:33:23
6939,,LOT-20260506-651F-010,,,,Chile Serrano,,3706,cam2_20260507_044819.jpg,ambient,3708,cam2_20260507_044822.jpg,,2,27.8,53,76.9,71,0,15,0.0,0.0,0,0.0,1,1.2,1.2,0.0,0.0,0,0,0,,2026-05-07 10:48:23
6951,,LOT-20260506-651F-010,,,,Chile Serrano,,3710,cam2_20260507_050320.jpg,ambient,3712,cam2_20260507_050322.jpg,,2,27.9,52,62.5,71,0,15,0.0,0.0,0,0.0,1,1.2,1.2,0.0,0.0,0,0,0,,2026-05-07 11:03:23
6963,,LOT-20260506-651F-010,,,,Chile Serrano,,3714,cam2_20260507_051820.jpg,ambient,3716,cam2_20260507_051822.jpg,,2,27.6,52,69.6,71,0,15,0.0,0.0,0,0.0,1,1.2,1.2,0.0,0.0,0,0,0,,2026-05-07 11:18:23
6975,,LOT-20260506-651F-010,,,,Chile Serrano,,3718,cam2_20260507_053320.jpg,ambient,3720,cam2_20260507_053322.jpg,,2,27.9,51,72.3,71,0,15,0.0,0.0,0,0.0,1,1.2,1.2,0.0,0.0,0,0,0,,2026-05-07 11:33:23
6987,,LOT-20260506-651F-010,,,,Chile Serrano,,3722,cam2_20260507_054819.jpg,ambient,3724,cam2_20260507_054822.jpg,,2,27.2,52,62.5,71,0,15,0.0,0.0,0,0.0,1,1.2,1.2,0.0,0.0,0,0,0,,2026-05-07 11:48:23
6999,,LOT-20260506-651F-010,,,,Chile Serrano,,3726,cam2_20260507_060319.jpg,ambient,3728,cam2_20260507_060322.jpg,,2,27.2,53,49.5,71,0,15,0.0,0.0,0,0.0,1,1.2,1.2,0.0,0.0,0,0,0,,2026-05-07 12:03:23
7011,,LOT-20260506-651F-010,,,,Chile Serrano,,3730,cam2_20260507_061919.jpg,ambient,3732,cam2_20260507_061922.jpg,,2,27.7,52,54.5,71,0,15,0.0,0.0,0,0.0,1,1.2,1.2,0.0,0.0,0,0,0,,2026-05-07 12:19:23
7023,,LOT-20260506-651F-010,,,,Chile Serrano,,3734,cam2_20260507_063419.jpg,ambient,3736,cam2_20260507_063422.jpg,,2,27.2,53,50,71,0,15,0.0,0.0,0,0.0,1,1.2,1.2,0.0,0.0,0,0,0,,2026-05-07 12:34:23
7035,,LOT-20260506-651F-010,,,,Chile Serrano,,3738,cam2_20260507_064920.jpg,ambient,3740,cam2_20260507_064922.jpg,,2,27.7,53,53.6,71,0,15,0.0,0.0,0,0.0,1,1.2,1.2,0.0,0.0,0,0,0,,2026-05-07 12:49:23
7047,,LOT-20260506-651F-010,,,,Chile Serrano,,3742,cam2_20260507_070419.jpg,ambient,3744,cam2_20260507_070422.jpg,,2,27.3,54,50,71,0,15,0.0,0.0,0,0.0,1,1.2,1.2,0.0,0.0,0,0,0,,2026-05-07 13:04:23
7059,,LOT-20260506-651F-010,,,,Chile Serrano,,3746,cam2_20260507_071919.jpg,ambient,3748,cam2_20260507_071922.jpg,,2,27.6,49,98.1,71,0,15,0.0,0.0,0,0.0,1,1.2,1.2,0.0,0.0,0,0,0,,2026-05-07 13:19:23
7071,,LOT-20260506-651F-010,,,,Chile Serrano,,3750,cam2_20260507_073419.jpg,ambient,3752,cam2_20260507_073422.jpg,,2,27.5,54,91.7,71,0,15,0.0,0.0,0,0.0,1,1.2,1.2,0.0,0.0,0,0,0,,2026-05-07 13:34:23
7083,,LOT-20260506-651F-010,,,,Chile Serrano,,3754,cam2_20260507_074920.jpg,ambient,3756,cam2_20260507_074922.jpg,,2,27.6,53,48.4,71,0,15,0.0,0.0,0,0.0,1,1.2,1.2,0.0,0.0,0,0,0,,2026-05-07 13:49:23
7095,,LOT-20260506-651F-010,,,,Chile Serrano,,3758,cam2_20260507_080419.jpg,ambient,3760,cam2_20260507_080422.jpg,,2,27.6,50,73.2,75,0,15,0.0,0.0,0,0.0,1,1.3,1.3,0.0,0.0,0,0,0,,2026-05-07 14:04:23
7107,,LOT-20260506-651F-010,,,,Chile Serrano,,3762,cam2_20260507_081919.jpg,ambient,3764,cam2_20260507_081922.jpg,,2,28.1,49,57.1,90,0,15,0.0,0.0,0,0.0,1,1.5,1.5,0.0,0.0,0,0,0,,2026-05-07 14:19:23
7119,,LOT-20260506-651F-010,,,,Chile Serrano,,3766,cam2_20260507_083419.jpg,ambient,3768,cam2_20260507_083422.jpg,,2,28.4,50,55.4,105,0,15,0.0,0.0,0,0.0,1,1.8,1.8,0.0,0.0,0,0,0,,2026-05-07 14:34:23
7131,,LOT-20260506-651F-010,,,,Chile Serrano,,3770,cam2_20260507_084920.jpg,ambient,3772,cam2_20260507_084922.jpg,,2,28.4,47,48.5,120,0,15,0.0,0.0,0,0.0,1,2.0,2.0,0.0,0.0,0,0,0,,2026-05-07 14:49:23
7143,,LOT-20260506-651F-010,,,,Chile Serrano,,3774,cam2_20260507_090445.jpg,ambient,3776,cam2_20260507_090448.jpg,,2,29.1,47,56.3,135,0,15,0.0,0.0,0,0.0,1,2.3,2.3,0.0,0.0,0,0,0,,2026-05-07 15:04:50
7155,,LOT-20260506-651F-010,,,,Chile Serrano,,3778,cam2_20260507_091945.jpg,ambient,3780,cam2_20260507_091948.jpg,,2,28.6,43,47,150,0,15,0.0,0.0,0,0.0,1,2.5,2.5,0.0,0.0,0,0,0,,2026-05-07 15:19:50
7167,,LOT-20260506-651F-010,,,,Chile Serrano,,3782,cam2_20260507_093445.jpg,ambient,3784,cam2_20260507_093448.jpg,,2,28.7,38,47.3,165,0,15,0.0,0.0,0,0.0,1,2.8,2.8,0.0,0.0,0,0,0,,2026-05-07 15:34:50
7179,,LOT-20260506-651F-010,,,,Chile Serrano,,3786,cam2_20260507_094945.jpg,ambient,3788,cam2_20260507_094948.jpg,,2,28.7,40,47.4,180,0,15,0.0,0.0,0,0.0,1,3.0,3.0,0.0,0.0,0,0,0,,2026-05-07 15:49:50
7191,,LOT-20260506-651F-010,,,,Chile Serrano,,3790,cam2_20260507_100445.jpg,ambient,3792,cam2_20260507_100448.jpg,,2,29,40,47.9,195,0,15,0.0,0.0,0,0.0,1,3.3,3.3,0.0,0.0,0,0,0,,2026-05-07 16:04:50
7203,,LOT-20260506-651F-010,,,,Chile Serrano,,3794,cam2_20260507_101945.jpg,ambient,3796,cam2_20260507_101948.jpg,,2,29,43,45.7,210,0,15,0.0,0.0,0,0.0,1,3.5,3.5,0.0,0.0,0,0,0,,2026-05-07 16:19:49
7215,,LOT-20260506-651F-010,,,,Chile Serrano,,3798,cam2_20260507_103445.jpg,ambient,3800,cam2_20260507_103448.jpg,,2,29,40,48.9,225,0,15,0.0,0.0,0,0.0,1,3.8,3.8,0.0,0.0,0,0,0,,2026-05-07 16:34:50
7227,,LOT-20260506-651F-010,,,,Chile Serrano,,3802,cam2_20260507_104945.jpg,ambient,3804,cam2_20260507_104948.jpg,,2,29.1,40,45.7,239,0,15,0.0,0.0,0,0.0,1,4.0,4.0,0.0,0.0,0,0,0,,2026-05-07 16:49:50
7239,,LOT-20260506-651F-010,,,,Chile Serrano,,3806,cam2_20260507_110445.jpg,ambient,3808,cam2_20260507_110448.jpg,,2,29.1,41,45.3,254,0,15,0.0,0.0,0,0.0,1,4.2,4.2,0.0,0.0,0,0,0,,2026-05-07 17:04:50
7251,,LOT-20260506-651F-010,,,,Chile Serrano,,3810,cam2_20260507_112141.jpg,ambient,3812,cam2_20260507_112144.jpg,,2,29.2,43,43,271,0,15,0.0,0.0,0,0.0,1,4.5,4.5,0.0,0.0,0,0,0,,2026-05-07 17:21:46
7263,,LOT-20260506-651F-010,,,,Chile Serrano,,3814,cam2_20260507_113703.jpg,ambient,3816,cam2_20260507_113706.jpg,,2,28.9,42,46.8,286,0,15,0.0,0.0,0,0.0,1,4.8,4.8,0.0,0.0,0,0,0,,2026-05-07 17:37:07
7275,,LOT-20260506-651F-010,,,,Chile Serrano,,3818,cam2_20260507_115203.jpg,ambient,3820,cam2_20260507_115206.jpg,,2,29.2,43,47.4,301,0,15,0.0,0.0,0,0.0,1,5.0,5.0,0.0,0.0,0,0,0,,2026-05-07 17:52:06
7287,,LOT-20260506-651F-010,,,,Chile Serrano,,3822,cam2_20260507_120722.jpg,ambient,3824,cam2_20260507_120725.jpg,,2,29.3,43,42.3,316,0,15,0.0,0.0,0,0.0,1,5.3,5.3,0.0,0.0,0,0,0,,2026-05-07 18:07:27
7299,,LOT-20260506-651F-010,,,,Chile Serrano,,3826,cam2_20260507_122222.jpg,ambient,3828,cam2_20260507_122226.jpg,,2,29.5,41,41.6,331,0,15,0.0,0.0,0,0.0,1,5.5,5.5,0.0,0.0,0,0,0,,2026-05-07 18:22:27
7311,,LOT-20260506-651F-010,,,,Chile Serrano,,3830,cam2_20260507_123739.jpg,ambient,3832,cam2_20260507_123741.jpg,,2,28.7,37,100,347,0,15,0.0,0.0,0,0.0,1,5.8,5.8,0.0,0.0,0,0,0,,2026-05-07 18:37:42
7323,,LOT-20260506-651F-010,,,,Chile Serrano,,3834,cam2_20260507_125239.jpg,ambient,3836,cam2_20260507_125241.jpg,,2,28.2,37,100,361,0,15,0.0,0.0,0,0.0,1,6.0,6.0,0.0,0.0,0,0,0,,2026-05-07 18:52:42
7335,,LOT-20260506-651F-010,,,,Chile Serrano,,3838,cam2_20260507_130739.jpg,ambient,3840,cam2_20260507_130741.jpg,,2,28,36,100,376,0,15,0.0,0.0,0,0.0,1,6.3,6.3,0.0,0.0,0,0,0,,2026-05-07 19:07:42
7347,,LOT-20260506-651F-010,,,,Chile Serrano,,3842,cam2_20260507_132239.jpg,ambient,3844,cam2_20260507_132241.jpg,,2,27.8,36,100,391,0,15,0.0,0.0,0,0.0,1,6.5,6.5,0.0,0.0,0,0,0,,2026-05-07 19:22:42
7359,,LOT-20260506-651F-010,,,,Chile Serrano,,3846,cam2_20260507_133739.jpg,ambient,3848,cam2_20260507_133741.jpg,,2,27.7,35,100,406,0,15,0.0,0.0,0,0.0,1,6.8,6.8,0.0,0.0,0,0,0,,2026-05-07 19:37:42
7371,,LOT-20260506-651F-010,,,,Chile Serrano,,3850,cam2_20260507_135239.jpg,ambient,3852,cam2_20260507_135241.jpg,,2,27.7,35,100,421,0,15,0.0,0.0,0,0.0,1,7.0,7.0,0.0,0.0,0,0,0,,2026-05-07 19:52:42
7383,,LOT-20260506-651F-010,,,,Chile Serrano,,3854,cam2_20260507_140739.jpg,ambient,3856,cam2_20260507_140741.jpg,,2,27.7,36,100,436,0,15,0.0,0.0,0,0.0,1,7.3,7.3,0.0,0.0,0,0,0,,2026-05-07 20:07:42
7395,,LOT-20260506-651F-010,,,,Chile Serrano,,3858,cam2_20260507_142239.jpg,ambient,3860,cam2_20260507_142241.jpg,,2,27.7,35,100,451,0,15,0.0,0.0,0,0.0,1,7.5,7.5,0.0,0.0,0,0,0,,2026-05-07 20:22:42
7407,,LOT-20260506-651F-010,,,,Chile Serrano,,3862,cam2_20260507_143739.jpg,ambient,3864,cam2_20260507_143741.jpg,,2,27.6,34,93.5,466,0,15,0.0,0.0,0,0.0,1,7.8,7.8,0.0,0.0,0,0,0,,2026-05-07 20:37:42
7419,,LOT-20260506-651F-010,,,,Chile Serrano,,3866,cam2_20260507_145239.jpg,ambient,3868,cam2_20260507_145241.jpg,,2,27.3,35,92.6,481,0,15,0.0,0.0,0,0.0,1,8.0,8.0,0.0,0.0,0,0,0,,2026-05-07 20:52:42
7431,,LOT-20260506-651F-010,,,,Chile Serrano,,3870,cam2_20260507_150739.jpg,ambient,3872,cam2_20260507_150741.jpg,,2,27.2,35,91.7,496,0,15,0.0,0.0,0,0.0,1,8.3,8.3,0.0,0.0,0,0,0,,2026-05-07 21:07:42
7443,,LOT-20260506-651F-010,,,,Chile Serrano,,3874,cam2_20260507_152239.jpg,ambient,3876,cam2_20260507_152241.jpg,,2,27.2,34,84.3,511,0,15,0.0,0.0,0,0.0,2,8.5,4.3,0.0,0.0,0,0,0,,2026-05-07 21:22:42
7455,,LOT-20260506-651F-010,,,,Chile Serrano,,3878,cam2_20260507_153739.jpg,ambient,3880,cam2_20260507_153741.jpg,,2,27.3,35,82.4,526,0,15,0.0,0.0,0,0.0,2,8.8,4.4,0.0,0.0,0,0,0,,2026-05-07 21:37:42
7467,,LOT-20260506-651F-010,,,,Chile Serrano,,3882,cam2_20260507_155239.jpg,ambient,3884,cam2_20260507_155241.jpg,,2,27.2,34,79.6,541,0,15,0.0,0.0,0,0.0,2,9.0,4.5,0.0,0.0,0,0,0,,2026-05-07 21:52:42
7479,,LOT-20260506-651F-010,,,,Chile Serrano,,3886,cam2_20260507_160739.jpg,ambient,3888,cam2_20260507_160741.jpg,,2,27.2,34,78.7,556,0,15,0.0,0.0,0,0.0,2,9.3,4.6,0.0,0.0,0,0,0,,2026-05-07 22:07:42
7491,,LOT-20260506-651F-010,,,,Chile Serrano,,3890,cam2_20260507_162239.jpg,ambient,3892,cam2_20260507_162242.jpg,,2,26.4,34,57.1,571,0,15,0.0,0.0,0,0.0,2,9.5,4.8,0.0,0.0,0,0,0,,2026-05-07 22:22:43
7503,,LOT-20260506-651F-010,,,,Chile Serrano,,3894,cam2_20260507_163741.jpg,ambient,3896,cam2_20260507_163744.jpg,,2,27.3,36,100,585,0,15,0.0,0.0,0,0.0,2,9.8,4.9,0.0,0.0,0,0,0,,2026-05-07 22:37:45
7515,,LOT-20260506-651F-010,,,,Chile Serrano,,3898,cam2_20260507_165239.jpg,ambient,3900,cam2_20260507_165242.jpg,,2,27.5,37,49.1,600,0,15,0.0,0.0,0,0.0,2,10.0,5.0,0.0,0.0,0,0,0,,2026-05-07 22:52:43
7527,,LOT-20260506-651F-010,,,,Chile Serrano,,3902,cam2_20260507_170739.jpg,ambient,3904,cam2_20260507_170744.jpg,,2,27.5,37,100,615,0,15,0.0,0.0,0,0.0,2,10.3,5.1,0.0,0.0,0,0,0,,2026-05-07 23:07:45
7539,,LOT-20260506-651F-010,,,,Chile Serrano,,3906,cam2_20260507_172239.jpg,ambient,3908,cam2_20260507_172242.jpg,,2,27.2,36,48.7,630,0,15,0.0,0.0,0,0.0,2,10.5,5.3,0.0,0.0,0,0,0,,2026-05-07 23:22:43
7551,,LOT-20260506-651F-010,,,,Chile Serrano,,3910,cam2_20260507_173739.jpg,ambient,3912,cam2_20260507_173742.jpg,,2,26.9,36,58.9,645,0,15,0.0,0.0,0,0.0,2,10.8,5.4,0.0,0.0,0,0,0,,2026-05-07 23:37:43
7563,,LOT-20260506-651F-010,,,,Chile Serrano,,3914,cam2_20260507_175239.jpg,ambient,3916,cam2_20260507_175242.jpg,,2,27,37,49.9,660,0,15,0.0,0.0,0,0.0,2,11.0,5.5,0.0,0.0,0,0,0,,2026-05-07 23:52:44
7575,,LOT-20260506-651F-010,,,,Chile Serrano,,3918,cam2_20260507_191330.jpg,ambient,3920,cam2_20260507_191333.jpg,,2,25.8,38,58.9,741,0,15,0.0,0.0,0,0.0,2,12.3,6.2,0.0,0.0,0,0,0,,2026-05-08 01:13:34
7587,,LOT-20260506-651F-010,,,,Chile Serrano,,3922,cam2_20260507_192830.jpg,ambient,3924,cam2_20260507_192833.jpg,,2,27,42,91.7,756,0,15,0.0,0.0,0,0.0,2,12.6,6.3,0.0,0.0,0,0,0,,2026-05-08 01:28:33
7599,,LOT-20260506-651F-010,,,,Chile Serrano,,3926,cam2_20260507_194330.jpg,ambient,3928,cam2_20260507_194333.jpg,,2,27.6,41,97.2,771,0,15,0.0,0.0,0,0.0,2,12.8,6.4,0.0,0.0,0,0,0,,2026-05-08 01:43:33
7611,,LOT-20260506-651F-010,,,,Chile Serrano,,3930,cam2_20260507_195830.jpg,ambient,3932,cam2_20260507_195833.jpg,,2,28,41,94.4,785,0,15,0.0,0.0,0,0.0,2,13.1,6.5,0.0,0.0,0,0,0,,2026-05-08 01:58:33
7623,,LOT-20260506-651F-010,,,,Chile Serrano,,3934,cam2_20260507_201330.jpg,ambient,3936,cam2_20260507_201333.jpg,,2,27.8,39,91.7,787,0,15,0.0,0.0,0,0.0,2,13.1,6.6,0.0,0.0,0,0,0,,2026-05-08 02:13:34
7635,,LOT-20260506-651F-010,,,,Chile Serrano,,3938,cam2_20260507_202830.jpg,ambient,3940,cam2_20260507_202833.jpg,,2,27.7,40,91.7,787,0,15,0.0,0.0,0,0.0,2,13.1,6.6,0.0,0.0,0,0,0,,2026-05-08 02:28:34
7647,,LOT-20260506-651F-010,,,,Chile Serrano,,3942,cam2_20260507_204330.jpg,ambient,3944,cam2_20260507_204333.jpg,,2,27.8,43,90.7,787,0,15,0.0,0.0,0,0.0,2,13.1,6.6,0.0,0.0,0,0,0,,2026-05-08 02:43:34
7659,,LOT-20260506-651F-010,,,,Chile Serrano,,3946,cam2_20260507_205830.jpg,ambient,3948,cam2_20260507_205833.jpg,,2,27.6,45,85.2,787,0,15,0.0,0.0,0,0.0,2,13.1,6.6,0.0,0.0,0,0,0,,2026-05-08 02:58:33
7671,,LOT-20260506-651F-010,,,,Chile Serrano,,3950,cam2_20260507_211330.jpg,ambient,3952,cam2_20260507_211333.jpg,,2,27.6,51,90.7,787,0,15,0.0,0.0,0,0.0,2,13.1,6.6,0.0,0.0,0,0,0,,2026-05-08 03:13:33
7683,,LOT-20260506-651F-010,,,,Chile Serrano,,3954,cam2_20260507_212830.jpg,ambient,3956,cam2_20260507_212833.jpg,,2,27.5,42,79.6,788,0,15,0.0,0.0,0,0.0,2,13.1,6.6,0.0,0.0,0,0,0,,2026-05-08 03:28:34
7702,,LOT-20260506-651F-010,,,,Chile Serrano,,3959,cam2_20260507_224844.jpg,ambient,3961,cam2_20260507_224849.jpg,,2,26.7,50,68.8,788,0,15,0.0,0.0,0,0.0,2,13.1,6.6,0.0,0.0,0,0,0,,2026-05-08 04:48:50
7714,,LOT-20260506-651F-010,,,,Chile Serrano,,3963,cam2_20260507_230345.jpg,ambient,3965,cam2_20260507_230349.jpg,,2,27,56,74.1,788,0,15,0.0,0.0,0,0.0,2,13.1,6.6,0.0,0.0,0,0,0,,2026-05-08 05:03:50
7719,,LOT-20260506-651F-010,,,,Chile Serrano,,3966,cam2_20260507_231844.jpg,ambient,3968,cam2_20260507_231847.jpg,,2,27.2,55,69.6,789,0,15,0.0,0.0,0,0.0,2,13.2,6.6,0.0,0.0,0,0,0,,2026-05-08 05:18:48
7738,,LOT-20260506-651F-010,,,,Chile Serrano,,3971,cam2_20260507_233345.jpg,ambient,3973,cam2_20260507_233349.jpg,,2,27.3,56,49,789,0,15,0.0,0.0,0,0.0,2,13.2,6.6,0.0,0.0,0,0,0,,2026-05-08 05:33:50
7743,,LOT-20260506-651F-010,,,,Chile Serrano,,3974,cam2_20260507_234844.jpg,ambient,3976,cam2_20260507_234847.jpg,,2,27.4,56,70.5,789,0,15,0.0,0.0,0,0.0,2,13.2,6.6,0.0,0.0,0,0,0,,2026-05-08 05:48:48
7755,,LOT-20260506-651F-010,,,,Chile Serrano,,3978,cam2_20260508_000344.jpg,ambient,3980,cam2_20260508_000347.jpg,,2,27.5,55,48.9,789,0,15,0.0,0.0,0,0.0,2,13.2,6.6,0.0,0.0,0,0,0,,2026-05-08 06:03:48
7774,,LOT-20260506-651F-010,,,,Chile Serrano,,3983,cam2_20260508_001845.jpg,ambient,3985,cam2_20260508_001849.jpg,,2,27.6,56,48.4,789,0,15,0.0,0.0,0,0.0,2,13.2,6.6,0.0,0.0,0,0,0,,2026-05-08 06:18:50
7779,,LOT-20260506-651F-010,,,,Chile Serrano,,3986,cam2_20260508_003344.jpg,ambient,3988,cam2_20260508_003348.jpg,,2,27.6,56,59.8,789,0,15,0.0,0.0,0,0.0,2,13.2,6.6,0.0,0.0,0,0,0,,2026-05-08 06:33:48
7798,,LOT-20260506-651F-010,,,,Chile Serrano,,3991,cam2_20260508_004845.jpg,ambient,3993,cam2_20260508_004849.jpg,,2,27.5,57,49.4,789,0,15,0.0,0.0,0,0.0,2,13.2,6.6,0.0,0.0,0,0,0,,2026-05-08 06:48:50
7803,,LOT-20260506-651F-010,,,,Chile Serrano,,3994,cam2_20260508_010344.jpg,ambient,3996,cam2_20260508_010347.jpg,,2,27.6,52,48.6,789,0,15,0.0,0.0,0,0.0,2,13.2,6.6,0.0,0.0,0,0,0,,2026-05-08 07:03:48
7822,,LOT-20260506-651F-010,,,,Chile Serrano,,3999,cam2_20260508_011845.jpg,ambient,4001,cam2_20260508_011849.jpg,,2,27.5,54,56.3,789,0,15,0.0,0.0,0,0.0,2,13.2,6.6,0.0,0.0,0,0,0,,2026-05-08 07:18:50
7834,,LOT-20260506-651F-010,,,,Chile Serrano,,4003,cam2_20260508_013345.jpg,ambient,4005,cam2_20260508_013349.jpg,,2,27.6,55,56.3,789,0,15,0.0,0.0,0,0.0,2,13.2,6.6,0.0,0.0,0,0,0,,2026-05-08 07:33:50
7846,,LOT-20260506-651F-010,,,,Chile Serrano,,4007,cam2_20260508_014845.jpg,ambient,4009,cam2_20260508_014849.jpg,,2,27.5,56,54.5,789,0,15,0.0,0.0,0,0.0,2,13.2,6.6,0.0,0.0,0,0,0,,2026-05-08 07:48:50
7851,,LOT-20260506-651F-010,,,,Chile Serrano,,4010,cam2_20260508_020344.jpg,ambient,4012,cam2_20260508_020347.jpg,,2,27.6,55,48,789,0,15,0.0,0.0,0,0.0,2,13.2,6.6,0.0,0.0,0,0,0,,2026-05-08 08:03:48
7870,,LOT-20260506-651F-010,,,,Chile Serrano,,4015,cam2_20260508_021844.jpg,ambient,4017,cam2_20260508_021849.jpg,,2,27.5,53,47.5,789,0,15,0.0,0.0,0,0.0,2,13.2,6.6,0.0,0.0,0,0,0,,2026-05-08 08:18:50
7875,,LOT-20260506-651F-010,,,,Chile Serrano,,4018,cam2_20260508_023344.jpg,ambient,4020,cam2_20260508_023347.jpg,,2,27.6,55,47.8,789,0,15,0.0,0.0,0,0.0,2,13.2,6.6,0.0,0.0,0,0,0,,2026-05-08 08:33:48
7894,,LOT-20260506-651F-010,,,,Chile Serrano,,4023,cam2_20260508_024844.jpg,ambient,4025,cam2_20260508_024849.jpg,,2,27.6,55,51.8,789,0,15,0.0,0.0,0,0.0,2,13.2,6.6,0.0,0.0,0,0,0,,2026-05-08 08:48:50
7906,,LOT-20260506-651F-010,,,,Chile Serrano,,4027,cam2_20260508_030344.jpg,ambient,4029,cam2_20260508_030349.jpg,,2,27.6,54,49.5,789,0,15,0.0,0.0,0,0.0,2,13.2,6.6,0.0,0.0,0,0,0,,2026-05-08 09:03:50
7911,,LOT-20260506-651F-010,,,,Chile Serrano,,4030,cam2_20260508_031844.jpg,ambient,4032,cam2_20260508_031847.jpg,,2,27.6,53,49.6,789,0,15,0.0,0.0,0,0.0,2,13.2,6.6,0.0,0.0,0,0,0,,2026-05-08 09:18:48
7930,,LOT-20260506-651F-010,,,,Chile Serrano,,4035,cam2_20260508_033344.jpg,ambient,4037,cam2_20260508_033349.jpg,,2,27.6,55,48.4,789,0,15,0.0,0.0,0,0.0,2,13.2,6.6,0.0,0.0,0,0,0,,2026-05-08 09:33:50
7942,,LOT-20260506-651F-010,,,,Chile Serrano,,4039,cam2_20260508_034845.jpg,ambient,4041,cam2_20260508_034849.jpg,,2,27.6,54,48.5,789,0,15,0.0,0.0,0,0.0,2,13.2,6.6,0.0,0.0,0,0,0,,2026-05-08 09:48:50
7947,,LOT-20260506-651F-010,,,,Chile Serrano,,4042,cam2_20260508_040344.jpg,ambient,4044,cam2_20260508_040347.jpg,,2,27.5,53,49.1,789,0,15,0.0,0.0,0,0.0,2,13.2,6.6,0.0,0.0,0,0,0,,2026-05-08 10:03:48
7966,,LOT-20260506-651F-010,,,,Chile Serrano,,4047,cam2_20260508_041845.jpg,ambient,4049,cam2_20260508_041849.jpg,,2,27.6,54,48.2,789,0,15,0.0,0.0,0,0.0,2,13.2,6.6,0.0,0.0,0,0,0,,2026-05-08 10:18:50
7978,,LOT-20260506-651F-010,,,,Chile Serrano,,4051,cam2_20260508_043344.jpg,ambient,4053,cam2_20260508_043349.jpg,,2,27.5,55,48.1,789,0,15,0.0,0.0,0,0.0,2,13.2,6.6,0.0,0.0,0,0,0,,2026-05-08 10:33:50
7990,,LOT-20260506-651F-010,,,,Chile Serrano,,4055,cam2_20260508_044844.jpg,ambient,4057,cam2_20260508_044849.jpg,,2,27.6,54,47.5,789,0,15,0.0,0.0,0,0.0,2,13.2,6.6,0.0,0.0,0,0,0,,2026-05-08 10:48:50
8002,,LOT-20260506-651F-010,,,,Chile Serrano,,4059,cam2_20260508_050345.jpg,ambient,4061,cam2_20260508_050349.jpg,,2,27.5,54,47.8,790,0,15,0.0,0.0,0,0.0,2,13.2,6.6,0.0,0.0,0,0,0,,2026-05-08 11:03:50
8014,,LOT-20260506-651F-010,,,,Chile Serrano,,4063,cam2_20260508_051845.jpg,ambient,4065,cam2_20260508_051849.jpg,,2,27.5,53,47.9,790,0,15,0.0,0.0,0,0.0,2,13.2,6.6,0.0,0.0,0,0,0,,2026-05-08 11:18:50
8026,,LOT-20260506-651F-010,,,,Chile Serrano,,4067,cam2_20260508_053344.jpg,ambient,4069,cam2_20260508_053349.jpg,,2,27.5,53,47.7,790,0,15,0.0,0.0,0,0.0,2,13.2,6.6,0.0,0.0,0,0,0,,2026-05-08 11:33:50
8031,,LOT-20260506-651F-010,,,,Chile Serrano,,4070,cam2_20260508_054844.jpg,ambient,4072,cam2_20260508_054847.jpg,,2,27.5,54,47.9,790,0,15,0.0,0.0,0,0.0,2,13.2,6.6,0.0,0.0,0,0,0,,2026-05-08 11:48:48
8043,,LOT-20260506-651F-010,,,,Chile Serrano,,4074,cam2_20260508_060344.jpg,ambient,4076,cam2_20260508_060347.jpg,,2,27.5,55,47.5,790,0,15,0.0,0.0,0,0.0,2,13.2,6.6,0.0,0.0,0,0,0,,2026-05-08 12:03:48
8055,,LOT-20260506-651F-010,,,,Chile Serrano,,4078,cam2_20260508_061844.jpg,ambient,4080,cam2_20260508_061847.jpg,,2,27.5,54,47.5,790,0,15,0.0,0.0,0,0.0,2,13.2,6.6,0.0,0.0,0,0,0,,2026-05-08 12:18:48
8074,,LOT-20260506-651F-010,,,,Chile Serrano,,4083,cam2_20260508_063345.jpg,ambient,4085,cam2_20260508_063349.jpg,,2,27.5,52,47.2,790,0,15,0.0,0.0,0,0.0,2,13.2,6.6,0.0,0.0,0,0,0,,2026-05-08 12:33:50
8086,,LOT-20260506-651F-010,,,,Chile Serrano,,4087,cam2_20260508_064845.jpg,ambient,4089,cam2_20260508_064850.jpg,,2,27.5,50,46.7,790,0,15,0.0,0.0,0,0.0,2,13.2,6.6,0.0,0.0,0,0,0,,2026-05-08 12:48:51
8091,,LOT-20260506-651F-010,,,,Chile Serrano,,4090,cam2_20260508_070344.jpg,ambient,4092,cam2_20260508_070347.jpg,,2,27.3,51,47,790,0,15,0.0,0.0,0,0.0,2,13.2,6.6,0.0,0.0,0,0,0,,2026-05-08 13:03:48
8103,,LOT-20260506-651F-010,,,,Chile Serrano,,4094,cam2_20260508_071844.jpg,ambient,4096,cam2_20260508_071847.jpg,,2,27.2,51,46.5,790,0,15,0.0,0.0,0,0.0,2,13.2,6.6,0.0,0.0,0,0,0,,2026-05-08 13:18:48
8115,,LOT-20260506-651F-010,,,,Chile Serrano,,4098,cam2_20260508_073344.jpg,ambient,4100,cam2_20260508_073347.jpg,,2,27.2,51,46.4,790,0,15,0.0,0.0,0,0.0,2,13.2,6.6,0.0,0.0,0,0,0,,2026-05-08 13:33:48
8134,,LOT-20260506-651F-010,,,,Chile Serrano,,4103,cam2_20260508_074845.jpg,ambient,4105,cam2_20260508_074849.jpg,,2,27.2,53,45.7,790,0,15,0.0,0.0,0,0.0,2,13.2,6.6,0.0,0.0,0,0,0,,2026-05-08 13:48:50
8139,,LOT-20260506-651F-010,,,,Chile Serrano,,4106,cam2_20260508_080344.jpg,ambient,4108,cam2_20260508_080347.jpg,,2,27.4,52,45.8,794,0,15,0.0,0.0,0,0.0,2,13.2,6.6,0.0,0.0,0,0,0,,2026-05-08 14:03:48
8151,,LOT-20260506-651F-010,,,,Chile Serrano,,4110,cam2_20260508_081844.jpg,ambient,4112,cam2_20260508_081847.jpg,,2,27.7,49,44.7,809,0,15,0.0,0.0,0,0.0,2,13.5,6.7,0.0,0.0,0,0,0,,2026-05-08 14:18:48
8163,,LOT-20260506-651F-010,,,,Chile Serrano,,4114,cam2_20260508_083344.jpg,ambient,4116,cam2_20260508_083347.jpg,,2,28,50,44.6,823,0,15,0.0,0.0,0,0.0,2,13.7,6.9,0.0,0.0,0,0,0,,2026-05-08 14:33:48
8175,,LOT-20260506-651F-010,,,,Chile Serrano,,4118,cam2_20260508_084844.jpg,ambient,4120,cam2_20260508_084847.jpg,,2,28.5,49,44.5,838,0,15,0.0,0.0,0,0.0,2,14.0,7.0,0.0,0.0,0,0,0,,2026-05-08 14:48:48
8187,,LOT-20260506-651F-010,,,,Chile Serrano,,4122,cam2_20260508_090344.jpg,ambient,4124,cam2_20260508_090347.jpg,,2,28.8,49,44.6,853,0,15,0.0,0.0,0,0.0,2,14.2,7.1,0.0,0.0,0,0,0,,2026-05-08 15:03:48
8199,,LOT-20260506-651F-010,,,,Chile Serrano,,4126,cam2_20260508_091844.jpg,ambient,4128,cam2_20260508_091847.jpg,,2,28.8,42,44.3,868,0,15,0.0,0.0,0,0.0,2,14.5,7.2,0.0,0.0,0,0,0,,2026-05-08 15:18:48
8211,,LOT-20260506-651F-010,,,,Chile Serrano,,4130,cam2_20260508_093344.jpg,ambient,4132,cam2_20260508_093347.jpg,,2,28.7,42,44.3,883,0,15,0.0,0.0,0,0.0,2,14.7,7.4,0.0,0.0,0,0,0,,2026-05-08 15:33:48
8223,,LOT-20260506-651F-010,,,,Chile Serrano,,4134,cam2_20260508_094844.jpg,ambient,4136,cam2_20260508_094847.jpg,,2,28.7,41,43.8,898,0,15,0.0,0.0,0,0.0,2,15.0,7.5,0.0,0.0,0,0,0,,2026-05-08 15:48:48
8235,,LOT-20260506-651F-010,,,,Chile Serrano,,4138,cam2_20260508_100344.jpg,ambient,4140,cam2_20260508_100347.jpg,,2,28.8,41,42.9,913,0,15,0.0,0.0,0,0.0,2,15.2,7.6,0.0,0.0,0,0,0,,2026-05-08 16:03:48
8247,,LOT-20260506-651F-010,,,,Chile Serrano,,4142,cam2_20260508_101844.jpg,ambient,4144,cam2_20260508_101847.jpg,,2,28.9,42,44.1,928,0,15,0.0,0.0,0,0.0,2,15.5,7.7,0.0,0.0,0,0,0,,2026-05-08 16:18:48
8259,,LOT-20260506-651F-010,,,,Chile Serrano,,4146,cam2_20260508_103344.jpg,ambient,4148,cam2_20260508_103347.jpg,,2,28.7,40,43.2,943,0,15,0.0,0.0,0,0.0,2,15.7,7.9,0.0,0.0,0,0,0,,2026-05-08 16:33:48
8271,,LOT-20260506-651F-010,,,,Chile Serrano,,4150,cam2_20260508_104845.jpg,ambient,4152,cam2_20260508_104847.jpg,,2,28.1,39,42.5,958,0,15,0.0,0.0,0,0.0,2,16.0,8.0,0.0,0.0,0,0,0,,2026-05-08 16:48:48
8283,,LOT-20260506-651F-010,,,,Chile Serrano,,4154,cam2_20260508_110344.jpg,ambient,4156,cam2_20260508_110347.jpg,,2,27.8,38,41.9,972,0,15,0.0,0.0,0,0.0,2,16.2,8.1,0.0,0.0,0,0,0,,2026-05-08 17:03:48
8295,,LOT-20260506-651F-010,,,,Chile Serrano,,4158,cam2_20260508_111844.jpg,ambient,4160,cam2_20260508_111847.jpg,,2,27.6,36,41.7,987,0,15,0.0,0.0,0,0.0,2,16.4,8.2,0.0,0.0,0,0,0,,2026-05-08 17:18:48
8307,,LOT-20260506-651F-010,,,,Chile Serrano,,4162,cam2_20260508_113345.jpg,ambient,4164,cam2_20260508_113348.jpg,,2,27.4,37,61.6,1002,0,15,0.0,0.0,0,0.0,2,16.7,8.3,0.0,0.0,0,0,0,,2026-05-08 17:33:49
8326,,LOT-20260506-651F-010,,,,Chile Serrano,,4167,cam2_20260508_114845.jpg,ambient,4169,cam2_20260508_114850.jpg,,2,27.3,39,52.7,1017,0,15,0.0,0.0,0,0.0,2,16.9,8.5,0.0,0.0,0,0,0,,2026-05-08 17:48:52
8331,,LOT-20260506-651F-010,,,,Chile Serrano,,4170,cam2_20260508_120344.jpg,ambient,4172,cam2_20260508_120347.jpg,,2,27.4,39,100,1032,0,15,0.0,0.0,0,0.0,2,17.2,8.6,0.0,0.0,0,0,0,,2026-05-08 18:03:48
8343,,LOT-20260506-651F-010,,,,Chile Serrano,,4174,cam2_20260508_121844.jpg,ambient,4176,cam2_20260508_121847.jpg,,2,27.2,39,100,1047,0,15,0.0,0.0,0,0.0,2,17.4,8.7,0.0,0.0,0,0,0,,2026-05-08 18:18:48
8355,,LOT-20260506-651F-010,,,,Chile Serrano,,4178,cam2_20260508_123420.jpg,ambient,4180,cam2_20260508_123423.jpg,,2,27.3,37,83.3,1063,0,15,0.0,0.0,0,0.0,2,17.7,8.9,0.0,0.0,0,0,0,,2026-05-08 18:34:24
8367,,LOT-20260506-651F-010,,,,Chile Serrano,,4182,cam2_20260508_124920.jpg,ambient,4184,cam2_20260508_124923.jpg,,2,27.5,36,100,1077,0,15,0.0,0.0,0,0.0,2,17.9,9.0,0.0,0.0,0,0,0,,2026-05-08 18:49:24
8379,,LOT-20260506-651F-010,,,,Chile Serrano,,4186,cam2_20260508_130420.jpg,ambient,4188,cam2_20260508_130423.jpg,,2,27.4,37,77.8,1092,0,15,0.0,0.0,0,0.0,2,18.2,9.1,0.0,0.0,0,0,0,,2026-05-08 19:04:24
8391,,LOT-20260506-651F-010,,,,Chile Serrano,,4190,cam2_20260508_131920.jpg,ambient,4192,cam2_20260508_131923.jpg,,2,27.2,37,100,1107,0,15,0.0,0.0,0,0.0,2,18.4,9.2,0.0,0.0,0,0,0,,2026-05-08 19:19:24
8403,,LOT-20260506-651F-010,,,,Chile Serrano,,4194,cam2_20260508_133420.jpg,ambient,4196,cam2_20260508_133423.jpg,,2,27.2,37,72.3,1122,0,15,0.0,0.0,0,0.0,2,18.7,9.3,0.0,0.0,0,0,0,,2026-05-08 19:34:24
8415,,LOT-20260506-651F-010,,,,Chile Serrano,,4198,cam2_20260508_134920.jpg,ambient,4200,cam2_20260508_134923.jpg,,2,27.2,37,100,1137,0,15,0.0,0.0,0,0.0,2,18.9,9.5,0.0,0.0,0,0,0,,2026-05-08 19:49:24
8427,,LOT-20260506-651F-010,,,,Chile Serrano,,4202,cam2_20260508_140420.jpg,ambient,4204,cam2_20260508_140423.jpg,,2,27.3,37,100,1152,0,15,0.0,0.0,0,0.0,2,19.2,9.6,0.0,0.0,0,0,0,,2026-05-08 20:04:24
8439,,LOT-20260506-651F-010,,,,Chile Serrano,,4206,cam2_20260508_141920.jpg,ambient,4208,cam2_20260508_141923.jpg,,2,27.2,38,100,1167,0,15,0.0,0.0,0,0.0,2,19.4,9.7,0.0,0.0,0,0,0,,2026-05-08 20:19:24
8451,,LOT-20260506-651F-010,,,,Chile Serrano,,4210,cam2_20260508_143420.jpg,ambient,4212,cam2_20260508_143423.jpg,,2,27.2,39,100,1182,0,15,0.0,0.0,0,0.0,2,19.7,9.8,0.0,0.0,0,0,0,,2026-05-08 20:34:24
8463,,LOT-20260506-651F-010,,,,Chile Serrano,,4214,cam2_20260508_144920.jpg,ambient,4216,cam2_20260508_144923.jpg,,2,27.2,37,100,1197,0,15,0.0,0.0,0,0.0,2,19.9,10.0,0.0,0.0,0,0,0,,2026-05-08 20:49:24
8475,,LOT-20260506-651F-010,,,,Chile Serrano,,4218,cam2_20260508_150420.jpg,ambient,4220,cam2_20260508_150423.jpg,,2,27.3,39,100,1212,0,15,0.0,0.0,0,0.0,2,20.2,10.1,0.0,0.0,0,0,0,,2026-05-08 21:04:24
8494,,LOT-20260506-651F-010,,,,Chile Serrano,,4223,cam2_20260508_151920.jpg,ambient,4225,cam2_20260508_151925.jpg,,2,27.2,38,94.4,1227,0,15,0.0,0.0,0,0.0,3,20.4,6.8,0.0,0.0,0,0,0,,2026-05-08 21:19:26
8499,,LOT-20260506-651F-010,,,,Chile Serrano,,4226,cam2_20260508_153420.jpg,ambient,4228,cam2_20260508_153423.jpg,,2,27.1,40,100,1242,0,15,0.0,0.0,0,0.0,3,20.7,6.9,0.0,0.0,0,0,0,,2026-05-08 21:34:24
8511,,LOT-20260506-651F-010,,,,Chile Serrano,,4230,cam2_20260508_154920.jpg,ambient,4232,cam2_20260508_154923.jpg,,2,27.2,41,100,1256,0,15,0.0,0.0,0,0.0,3,20.9,7.0,0.0,0.0,0,0,0,,2026-05-08 21:49:24
8523,,LOT-20260506-651F-010,,,,Chile Serrano,,4234,cam2_20260508_160420.jpg,ambient,4236,cam2_20260508_160423.jpg,,2,27.1,39,100,1271,0,15,0.0,0.0,0,0.0,3,21.2,7.1,0.0,0.0,0,0,0,,2026-05-08 22:04:23
8535,,LOT-20260506-651F-010,,,,Chile Serrano,,4238,cam2_20260508_161920.jpg,ambient,4240,cam2_20260508_161923.jpg,,2,27.2,38,95.4,1286,0,15,0.0,0.0,0,0.0,3,21.4,7.1,0.0,0.0,0,0,0,,2026-05-08 22:19:24
8547,,LOT-20260506-651F-010,,,,Chile Serrano,,4242,cam2_20260508_163420.jpg,ambient,4244,cam2_20260508_163423.jpg,,2,27.7,40,100,1301,0,15,0.0,0.0,0,0.0,3,21.7,7.2,0.0,0.0,0,0,0,,2026-05-08 22:34:24
8559,,LOT-20260506-651F-010,,,,Chile Serrano,,4246,cam2_20260508_164920.jpg,ambient,4248,cam2_20260508_164923.jpg,,2,28.1,40,100,1316,0,15,0.0,0.0,0,0.0,3,21.9,7.3,0.0,0.0,0,0,0,,2026-05-08 22:49:24
8571,,LOT-20260506-651F-010,,,,Chile Serrano,,4250,cam2_20260508_170420.jpg,ambient,4252,cam2_20260508_170423.jpg,,2,28.4,41,100,1331,0,15,0.0,0.0,0,0.0,3,22.2,7.4,0.0,0.0,0,0,0,,2026-05-08 23:04:24
8583,,LOT-20260506-651F-010,,,,Chile Serrano,,4254,cam2_20260508_171920.jpg,ambient,4256,cam2_20260508_171923.jpg,,2,28.5,39,100,1346,0,15,0.0,0.0,0,0.0,3,22.4,7.5,0.0,0.0,0,0,0,,2026-05-08 23:19:24
8595,,LOT-20260506-651F-010,,,,Chile Serrano,,4258,cam2_20260508_173420.jpg,ambient,4260,cam2_20260508_173423.jpg,,2,28.7,39,100,1361,0,15,0.0,0.0,0,0.0,3,22.7,7.6,0.0,0.0,0,0,0,,2026-05-08 23:34:24
8607,,LOT-20260506-651F-010,,,,Chile Serrano,,4262,cam2_20260508_174920.jpg,ambient,4264,cam2_20260508_174923.jpg,,2,28.7,39,100,1376,0,15,0.0,0.0,0,0.0,3,22.9,7.6,0.0,0.0,0,0,0,,2026-05-08 23:49:24
8619,,LOT-20260506-651F-010,,,,Chile Serrano,,4266,cam2_20260508_180420.jpg,ambient,4268,cam2_20260508_180423.jpg,,2,28.7,41,100,1391,1,15,15.0,0.0,0,0.0,3,23.2,7.7,0.0,0.0,0,0,0,,2026-05-09 00:04:24
8631,,LOT-20260506-651F-010,,,,Chile Serrano,,4270,cam2_20260508_181920.jpg,ambient,4272,cam2_20260508_181923.jpg,,2,28.6,40,100,1406,0,15,0.0,0.0,0,0.0,3,23.4,7.8,0.0,0.0,0,0,0,,2026-05-09 00:19:24
8643,,LOT-20260506-651F-010,,,,Chile Serrano,,4274,cam2_20260508_183420.jpg,ambient,4276,cam2_20260508_183423.jpg,,2,28,40,98.1,1421,0,15,0.0,0.0,0,0.0,3,23.7,7.9,0.0,0.0,0,0,0,,2026-05-09 00:34:24
8655,,LOT-20260506-651F-010,,,,Chile Serrano,,4278,cam2_20260508_184920.jpg,ambient,4280,cam2_20260508_184923.jpg,,2,27.5,38,93.5,1436,0,15,0.0,0.0,0,0.0,3,23.9,8.0,0.0,0.0,0,0,0,,2026-05-09 00:49:24
8667,,LOT-20260506-651F-010,,,,Chile Serrano,,4282,cam2_20260508_190420.jpg,ambient,4284,cam2_20260508_190423.jpg,,2,27.7,42,97.2,1450,0,15,0.0,0.0,0,0.0,3,24.2,8.1,0.0,0.0,0,0,0,,2026-05-09 01:04:24
8679,,LOT-20260506-651F-010,,,,Chile Serrano,,4286,cam2_20260508_191920.jpg,ambient,4288,cam2_20260508_191923.jpg,,2,28.2,42,100,1465,0,15,0.0,0.0,0,0.0,3,24.4,8.1,0.0,0.0,0,0,0,,2026-05-09 01:19:24
8691,,LOT-20260506-651F-010,,,,Chile Serrano,,4290,cam2_20260508_193420.jpg,ambient,4292,cam2_20260508_193423.jpg,,2,28.4,41,98.1,1480,0,15,0.0,0.0,0,0.0,3,24.7,8.2,0.0,0.0,0,0,0,,2026-05-09 01:34:24
8703,,LOT-20260506-651F-010,,,,Chile Serrano,,4294,cam2_20260508_194920.jpg,ambient,4296,cam2_20260508_194923.jpg,,2,28.5,43,93.5,1495,0,15,0.0,0.0,0,0.0,3,24.9,8.3,0.0,0.0,0,0,0,,2026-05-09 01:49:24
8715,,LOT-20260506-651F-010,,,,Chile Serrano,,4298,cam2_20260508_200420.jpg,ambient,4300,cam2_20260508_200423.jpg,,2,28.5,41,95.4,1506,0,15,0.0,0.0,0,0.0,3,25.1,8.4,0.0,0.0,0,0,0,,2026-05-09 02:04:24
8727,,LOT-20260506-651F-010,,,,Chile Serrano,,4302,cam2_20260508_201920.jpg,ambient,4304,cam2_20260508_201923.jpg,,2,28.1,41,91.7,1506,0,15,0.0,0.0,0,0.0,3,25.1,8.4,0.0,0.0,0,0,0,,2026-05-09 02:19:24
8739,,LOT-20260506-651F-010,,,,Chile Serrano,,4306,cam2_20260508_203420.jpg,ambient,4308,cam2_20260508_203423.jpg,,2,28,43,90.7,1506,0,15,0.0,0.0,0,0.0,3,25.1,8.4,0.0,0.0,0,0,0,,2026-05-09 02:34:24
8758,,LOT-20260506-651F-010,,,,Chile Serrano,,4311,cam2_20260508_204921.jpg,ambient,4313,cam2_20260508_204925.jpg,,2,27.8,42,74.1,1506,0,15,0.0,0.0,0,0.0,3,25.1,8.4,0.0,0.0,0,0,0,,2026-05-09 02:49:26
8770,,LOT-20260506-651F-010,,,,Chile Serrano,,4315,cam2_20260508_210420.jpg,ambient,4317,cam2_20260508_210425.jpg,,2,27.8,45,69.6,1506,0,15,0.0,0.0,0,0.0,3,25.1,8.4,0.0,0.0,0,0,0,,2026-05-09 03:04:26
8782,,LOT-20260506-651F-010,,,,Chile Serrano,,4319,cam2_20260508_211920.jpg,ambient,4321,cam2_20260508_211925.jpg,,2,27.8,43,74.1,1506,0,15,0.0,0.0,0,0.0,3,25.1,8.4,0.0,0.0,0,0,0,,2026-05-09 03:19:26
8787,,LOT-20260506-651F-010,,,,Chile Serrano,,4322,cam2_20260508_213421.jpg,ambient,4324,cam2_20260508_213424.jpg,,2,27.7,43,49.5,1507,0,15,0.0,0.0,0,0.0,3,25.1,8.4,0.0,0.0,0,0,0,,2026-05-09 03:34:24
8806,,LOT-20260506-651F-010,,,,Chile Serrano,,4327,cam2_20260508_214920.jpg,ambient,4329,cam2_20260508_214925.jpg,,2,27.7,43,68.8,1507,0,15,0.0,0.0,0,0.0,3,25.1,8.4,0.0,0.0,0,0,0,,2026-05-09 03:49:26
8811,,LOT-20260506-651F-010,,,,Chile Serrano,,4330,cam2_20260508_220420.jpg,ambient,4332,cam2_20260508_220423.jpg,,2,27.8,43,77.8,1507,0,15,0.0,0.0,0,0.0,3,25.1,8.4,0.0,0.0,0,0,0,,2026-05-09 04:04:24
8823,,LOT-20260506-651F-010,,,,Chile Serrano,,4334,cam2_20260508_221920.jpg,ambient,4336,cam2_20260508_221923.jpg,,2,27.9,48,78.7,1507,0,15,0.0,0.0,0,0.0,3,25.1,8.4,0.0,0.0,0,0,0,,2026-05-09 04:19:24
8842,,LOT-20260506-651F-010,,,,Chile Serrano,,4339,cam2_20260508_223421.jpg,ambient,4341,cam2_20260508_223425.jpg,,2,27.9,55,66.1,1507,0,15,0.0,0.0,0,0.0,3,25.1,8.4,0.0,0.0,0,0,0,,2026-05-09 04:34:26
8854,,LOT-20260506-651F-010,,,,Chile Serrano,,4343,cam2_20260508_224921.jpg,ambient,4345,cam2_20260508_224925.jpg,,2,27.8,52,61.6,1507,0,15,0.0,0.0,0,0.0,3,25.1,8.4,0.0,0.0,0,0,0,,2026-05-09 04:49:26
8866,,LOT-20260506-651F-010,,,,Chile Serrano,,4347,cam2_20260508_230420.jpg,ambient,4349,cam2_20260508_230425.jpg,,2,27.8,48,67,1507,0,15,0.0,0.0,0,0.0,3,25.1,8.4,0.0,0.0,0,0,0,,2026-05-09 05:04:26
8878,,LOT-20260506-651F-010,,,,Chile Serrano,,4351,cam2_20260508_231921.jpg,ambient,4353,cam2_20260508_231925.jpg,,2,27.8,54,66.1,1507,0,15,0.0,0.0,0,0.0,3,25.1,8.4,0.0,0.0,0,0,0,,2026-05-09 05:19:26
8883,,LOT-20260506-651F-010,,,,Chile Serrano,,4354,cam2_20260508_233420.jpg,ambient,4356,cam2_20260508_233423.jpg,,2,27.7,46,72.3,1508,0,15,0.0,0.0,0,0.0,3,25.1,8.4,0.0,0.0,0,0,0,,2026-05-09 05:34:24
8902,,LOT-20260506-651F-010,,,,Chile Serrano,,4359,cam2_20260508_234921.jpg,ambient,4361,cam2_20260508_234925.jpg,,2,26.9,43,49.7,1508,0,15,0.0,0.0,0,0.0,3,25.1,8.4,0.0,0.0,0,0,0,,2026-05-09 05:49:26
8907,,LOT-20260506-651F-010,,,,Chile Serrano,,4362,cam2_20260509_000421.jpg,ambient,4364,cam2_20260509_000423.jpg,,2,26.7,43,49.5,1508,0,15,0.0,0.0,0,0.0,3,25.1,8.4,0.0,0.0,0,0,0,,2026-05-09 06:04:24
8919,,LOT-20260506-651F-010,,,,Chile Serrano,,4366,cam2_20260509_001920.jpg,ambient,4368,cam2_20260509_001923.jpg,,2,26.6,43,49.6,1508,0,15,0.0,0.0,0,0.0,3,25.1,8.4,0.0,0.0,0,0,0,,2026-05-09 06:19:24
8931,,LOT-20260506-651F-010,,,,Chile Serrano,,4370,cam2_20260509_003420.jpg,ambient,4372,cam2_20260509_003423.jpg,,2,26.5,44,48.9,1508,0,15,0.0,0.0,0,0.0,3,25.1,8.4,0.0,0.0,0,0,0,,2026-05-09 06:34:24
8950,,LOT-20260506-651F-010,,,,Chile Serrano,,4375,cam2_20260509_004921.jpg,ambient,4377,cam2_20260509_004925.jpg,,2,26.1,47,48.4,1508,0,15,0.0,0.0,0,0.0,3,25.1,8.4,0.0,0.0,0,0,0,,2026-05-09 06:49:26
8962,,LOT-20260506-651F-010,,,,Chile Serrano,,4379,cam2_20260509_010436.jpg,ambient,4381,cam2_20260509_010441.jpg,,2,26.8,47,46.4,1508,0,15,0.0,0.0,0,0.0,3,25.1,8.4,0.0,0.0,0,0,0,,2026-05-09 07:04:42
8974,,LOT-20260506-651F-010,,,,Chile Serrano,,4383,cam2_20260509_011937.jpg,ambient,4385,cam2_20260509_011941.jpg,,2,27.3,52,48.8,1508,0,15,0.0,0.0,0,0.0,3,25.1,8.4,0.0,0.0,0,0,0,,2026-05-09 07:19:42
8986,,LOT-20260506-651F-010,,,,Chile Serrano,,4387,cam2_20260509_013442.jpg,ambient,4389,cam2_20260509_013446.jpg,,2,27.3,53,49,1508,0,15,0.0,0.0,0,0.0,3,25.1,8.4,0.0,0.0,0,0,0,,2026-05-09 07:34:47
8998,,LOT-20260506-651F-010,,,,Chile Serrano,,4391,cam2_20260509_015026.jpg,ambient,4393,cam2_20260509_015030.jpg,,2,27.3,56,48.4,1510,0,15,0.0,0.0,0,0.0,3,25.2,8.4,0.0,0.0,0,0,0,,2026-05-09 07:50:31
9010,,LOT-20260506-651F-010,,,,Chile Serrano,,4395,cam2_20260509_020526.jpg,ambient,4397,cam2_20260509_020530.jpg,,2,27.5,57,48.9,1510,0,15,0.0,0.0,0,0.0,3,25.2,8.4,0.0,0.0,0,0,0,,2026-05-09 08:05:31
9015,,LOT-20260506-651F-010,,,,Chile Serrano,,4398,cam2_20260509_022025.jpg,ambient,4400,cam2_20260509_022028.jpg,,2,27.4,56,49.8,1510,0,15,0.0,0.0,0,0.0,3,25.2,8.4,0.0,0.0,0,0,0,,2026-05-09 08:20:29
9027,,LOT-20260506-651F-010,,,,Chile Serrano,,4402,cam2_20260509_023525.jpg,ambient,4404,cam2_20260509_023528.jpg,,2,27.5,56,49,1510,0,15,0.0,0.0,0,0.0,3,25.2,8.4,0.0,0.0,0,0,0,,2026-05-09 08:35:29
9039,,LOT-20260506-651F-010,,,,Chile Serrano,,4406,cam2_20260509_025025.jpg,ambient,4408,cam2_20260509_025028.jpg,,2,27.4,56,48.6,1510,0,15,0.0,0.0,0,0.0,3,25.2,8.4,0.0,0.0,0,0,0,,2026-05-09 08:50:29
9051,,LOT-20260506-651F-010,,,,Chile Serrano,,4410,cam2_20260509_030525.jpg,ambient,4412,cam2_20260509_030528.jpg,,2,27.3,54,48.6,1510,0,15,0.0,0.0,0,0.0,3,25.2,8.4,0.0,0.0,0,0,0,,2026-05-09 09:05:29
9063,,LOT-20260506-651F-010,,,,Chile Serrano,,4414,cam2_20260509_032025.jpg,ambient,4416,cam2_20260509_032028.jpg,,2,27.5,55,48.6,1510,0,15,0.0,0.0,0,0.0,3,25.2,8.4,0.0,0.0,0,0,0,,2026-05-09 09:20:29
9082,,LOT-20260506-651F-010,,,,Chile Serrano,,4419,cam2_20260509_033527.jpg,ambient,4421,cam2_20260509_033530.jpg,,2,27.2,54,47.6,1510,0,15,0.0,0.0,0,0.0,3,25.2,8.4,0.0,0.0,0,0,0,,2026-05-09 09:35:31
9087,,LOT-20260506-651F-010,,,,Chile Serrano,,4422,cam2_20260509_035040.jpg,ambient,4423,cam2_20260509_035042.jpg,,2,27.3,56,42.5,1510,0,15,0.0,0.0,0,0.0,3,25.2,8.4,0.0,0.0,0,0,0,,2026-05-09 09:50:43
9099,,LOT-20260506-651F-010,,,,Chile Serrano,,4425,cam2_20260509_040526.jpg,ambient,4427,cam2_20260509_040530.jpg,,2,27.3,55,47.8,1510,0,15,0.0,0.0,0,0.0,3,25.2,8.4,0.0,0.0,0,0,0,,2026-05-09 10:05:31
9104,,LOT-20260506-651F-010,,,,Chile Serrano,,4428,cam2_20260509_042026.jpg,ambient,4430,cam2_20260509_042028.jpg,,2,27.3,55,47.7,1510,0,15,0.0,0.0,0,0.0,3,25.2,8.4,0.0,0.0,0,0,0,,2026-05-09 10:20:29
9116,,LOT-20260506-651F-010,,,,Chile Serrano,,4432,cam2_20260509_043525.jpg,ambient,4434,cam2_20260509_043528.jpg,,2,27.2,55,47.6,1510,0,15,0.0,0.0,0,0.0,3,25.2,8.4,0.0,0.0,0,0,0,,2026-05-09 10:35:29
9128,,LOT-20260506-651F-010,,,,Chile Serrano,,4436,cam2_20260509_045025.jpg,ambient,4438,cam2_20260509_045028.jpg,,2,27.3,54,47.4,1510,0,15,0.0,0.0,0,0.0,3,25.2,8.4,0.0,0.0,0,0,0,,2026-05-09 10:50:29
9147,,LOT-20260506-651F-010,,,,Chile Serrano,,4441,cam2_20260509_050526.jpg,ambient,4443,cam2_20260509_050530.jpg,,2,27.2,54,47.2,1510,0,15,0.0,0.0,0,0.0,3,25.2,8.4,0.0,0.0,0,0,0,,2026-05-09 11:05:31
9159,,LOT-20260506-651F-010,,,,Chile Serrano,,4445,cam2_20260509_052026.jpg,ambient,4447,cam2_20260509_052030.jpg,,2,27.3,54,46.9,1511,0,15,0.0,0.0,0,0.0,3,25.2,8.4,0.0,0.0,0,0,0,,2026-05-09 11:20:31
9164,,LOT-20260506-651F-010,,,,Chile Serrano,,4448,cam2_20260509_053525.jpg,ambient,4450,cam2_20260509_053528.jpg,,2,27.2,55,47,1511,0,15,0.0,0.0,0,0.0,3,25.2,8.4,0.0,0.0,0,0,0,,2026-05-09 11:35:29
9183,,LOT-20260506-651F-010,,,,Chile Serrano,,4453,cam2_20260509_055026.jpg,ambient,4455,cam2_20260509_055030.jpg,,2,27.2,56,46.6,1511,0,15,0.0,0.0,0,0.0,3,25.2,8.4,0.0,0.0,0,0,0,,2026-05-09 11:50:31
9195,,LOT-20260506-651F-010,,,,Chile Serrano,,4457,cam2_20260509_060526.jpg,ambient,4459,cam2_20260509_060530.jpg,,2,27.2,55,46.7,1511,0,15,0.0,0.0,0,0.0,3,25.2,8.4,0.0,0.0,0,0,0,,2026-05-09 12:05:31
9200,,LOT-20260506-651F-010,,,,Chile Serrano,,4460,cam2_20260509_062025.jpg,ambient,4462,cam2_20260509_062028.jpg,,2,27.1,55,46.9,1511,0,15,0.0,0.0,0,0.0,3,25.2,8.4,0.0,0.0,0,0,0,,2026-05-09 12:20:29
9212,,LOT-20260506-651F-010,,,,Chile Serrano,,4464,cam2_20260509_063525.jpg,ambient,4466,cam2_20260509_063528.jpg,,2,27.2,53,46.8,1511,0,15,0.0,0.0,0,0.0,3,25.2,8.4,0.0,0.0,0,0,0,,2026-05-09 12:35:29
9224,,LOT-20260506-651F-010,,,,Chile Serrano,,4468,cam2_20260509_065025.jpg,ambient,4470,cam2_20260509_065028.jpg,,2,27.3,56,46,1511,0,15,0.0,0.0,0,0.0,3,25.2,8.4,0.0,0.0,0,0,0,,2026-05-09 12:50:29
9243,,LOT-20260506-651F-010,,,,Chile Serrano,,4473,cam2_20260509_070525.jpg,ambient,4475,cam2_20260509_070530.jpg,,2,27.1,52,46.1,1511,0,15,0.0,0.0,0,0.0,3,25.2,8.4,0.0,0.0,0,0,0,,2026-05-09 13:05:31
9255,,LOT-20260506-651F-010,,,,Chile Serrano,,4477,cam2_20260509_072026.jpg,ambient,4479,cam2_20260509_072030.jpg,,2,27.1,54,45.9,1511,0,15,0.0,0.0,0,0.0,3,25.2,8.4,0.0,0.0,0,0,0,,2026-05-09 13:20:31
9260,,LOT-20260506-651F-010,,,,Chile Serrano,,4480,cam2_20260509_073525.jpg,ambient,4482,cam2_20260509_073528.jpg,,2,27.1,54,44.9,1511,0,15,0.0,0.0,0,0.0,3,25.2,8.4,0.0,0.0,0,0,0,,2026-05-09 13:35:29
9279,,LOT-20260506-651F-010,,,,Chile Serrano,,4485,cam2_20260509_075026.jpg,ambient,4487,cam2_20260509_075030.jpg,,2,27,55,45.1,1511,0,15,0.0,0.0,0,0.0,3,25.2,8.4,0.0,0.0,0,0,0,,2026-05-09 13:50:31
9284,,LOT-20260506-651F-010,,,,Chile Serrano,,4488,cam2_20260509_080525.jpg,ambient,4490,cam2_20260509_080528.jpg,,2,27.3,52,45.5,1516,0,15,0.0,0.0,0,0.0,3,25.3,8.4,0.0,0.0,0,0,0,,2026-05-09 14:05:29
9296,,LOT-20260506-651F-010,,,,Chile Serrano,,4492,cam2_20260509_082025.jpg,ambient,4494,cam2_20260509_082028.jpg,,2,27.5,50,44.7,1531,0,15,0.0,0.0,0,0.0,3,25.5,8.5,0.0,0.0,0,0,0,,2026-05-09 14:20:29
9308,,LOT-20260506-651F-010,,,,Chile Serrano,,4496,cam2_20260509_083525.jpg,ambient,4498,cam2_20260509_083528.jpg,,2,27.8,50,44.9,1546,0,15,0.0,0.0,0,0.0,3,25.8,8.6,0.0,0.0,0,0,0,,2026-05-09 14:35:29
9320,,LOT-20260506-651F-010,,,,Chile Serrano,,4500,cam2_20260509_085025.jpg,ambient,4502,cam2_20260509_085028.jpg,,2,27.9,50,42.3,1561,0,15,0.0,0.0,0,0.0,3,26.0,8.7,0.0,0.0,0,0,0,,2026-05-09 14:50:29
9339,,LOT-20260506-651F-010,,,,Chile Serrano,,4505,cam2_20260509_090529.jpg,ambient,4507,cam2_20260509_090534.jpg,,2,28.1,50,44.8,1576,0,15,0.0,0.0,0,0.0,3,26.3,8.8,0.0,0.0,0,0,0,,2026-05-09 15:05:35
9351,,LOT-20260506-651F-010,,,,Chile Serrano,,4509,cam2_20260509_165443.jpg,ambient,4511,cam2_20260509_165449.jpg,,2,26.5,48,0,2045,0,15,0.0,0.0,0,0.0,4,34.1,8.5,0.0,0.0,0,0,0,,2026-05-09 22:54:50
9356,,LOT-20260506-651F-010,,,,Chile Serrano,,4512,cam2_20260509_170943.jpg,ambient,4514,cam2_20260509_170945.jpg,,2,27,59,0,2060,0,15,0.0,0.0,0,0.0,4,34.3,8.6,0.0,0.0,0,0,0,,2026-05-09 23:09:46
9368,,LOT-20260506-651F-010,,,,Chile Serrano,,4516,cam2_20260509_172443.jpg,ambient,4518,cam2_20260509_172445.jpg,,2,27.3,53,0,2075,0,15,0.0,0.0,0,0.0,4,34.6,8.6,0.0,0.0,0,0,0,,2026-05-09 23:24:47
9380,,LOT-20260506-651F-010,,,,Chile Serrano,,4520,cam2_20260509_173943.jpg,ambient,4522,cam2_20260509_173945.jpg,,2,27.6,51,0,2090,0,15,0.0,0.0,0,0.0,4,34.8,8.7,0.0,0.0,0,0,0,,2026-05-09 23:39:47
9392,,LOT-20260506-651F-010,,,,Chile Serrano,,4524,cam2_20260509_175443.jpg,ambient,4526,cam2_20260509_175446.jpg,,2,27.9,49,0,2105,0,15,0.0,0.0,0,0.0,4,35.1,8.8,0.0,0.0,0,0,0,,2026-05-09 23:54:47
9404,,LOT-20260506-651F-010,,,,Chile Serrano,,4528,cam2_20260509_180943.jpg,ambient,4530,cam2_20260509_180946.jpg,,2,28.1,50,0,2120,1,15,15.0,0.0,0,0.0,4,35.3,8.8,0.0,0.0,0,0,0,,2026-05-10 00:09:47
9416,,LOT-20260506-651F-010,,,,Chile Serrano,,4532,cam2_20260509_182443.jpg,ambient,4534,cam2_20260509_182446.jpg,,2,28.3,50,0,2135,0,15,0.0,0.0,0,0.0,4,35.6,8.9,0.0,0.0,0,0,0,,2026-05-10 00:24:47
9428,,LOT-20260506-651F-010,,,,Chile Serrano,,4536,cam2_20260509_183943.jpg,ambient,4538,cam2_20260509_183946.jpg,,2,28.2,49,0,2150,0,15,0.0,0.0,0,0.0,4,35.8,9.0,0.0,0.0,0,0,0,,2026-05-10 00:39:47
9440,,LOT-20260506-651F-010,,,,Chile Serrano,,4540,cam2_20260509_185443.jpg,ambient,4542,cam2_20260509_185446.jpg,,2,28.4,50,0,2165,0,15,0.0,0.0,0,0.0,4,36.1,9.0,0.0,0.0,0,0,0,,2026-05-10 00:54:47
9452,,LOT-20260506-651F-010,,,,Chile Serrano,,4544,cam2_20260509_190943.jpg,ambient,4546,cam2_20260509_190945.jpg,,2,28.4,50,0,2179,0,15,0.0,0.0,0,0.0,4,36.3,9.1,0.0,0.0,0,0,0,,2026-05-10 01:09:47
9464,,LOT-20260506-651F-010,,,,Chile Serrano,,4548,cam2_20260509_192443.jpg,ambient,4550,cam2_20260509_192446.jpg,,2,28.4,50,0,2194,0,15,0.0,0.0,0,0.0,4,36.6,9.1,0.0,0.0,0,0,0,,2026-05-10 01:24:47
9476,,LOT-20260506-651F-010,,,,Chile Serrano,,4552,cam2_20260509_193943.jpg,ambient,4554,cam2_20260509_193946.jpg,,2,28.5,50,0,2209,0,15,0.0,0.0,0,0.0,4,36.8,9.2,0.0,0.0,0,0,0,,2026-05-10 01:39:47
9488,,LOT-20260506-651F-010,,,,Chile Serrano,,4556,cam2_20260509_195443.jpg,ambient,4558,cam2_20260509_195446.jpg,,2,28.6,50,0,2224,0,15,0.0,0.0,0,0.0,4,37.1,9.3,0.0,0.0,0,0,0,,2026-05-10 01:54:47
9500,,LOT-20260506-651F-010,,,,Chile Serrano,,4560,cam2_20260509_200943.jpg,ambient,4562,cam2_20260509_200946.jpg,,2,28.5,51,0,2229,0,15,0.0,0.0,0,0.0,4,37.1,9.3,0.0,0.0,0,0,0,,2026-05-10 02:09:47
9512,,LOT-20260506-651F-010,,,,Chile Serrano,,4564,cam2_20260509_202443.jpg,ambient,4566,cam2_20260509_202446.jpg,,2,28.3,52,0,2230,0,15,0.0,0.0,0,0.0,4,37.2,9.3,0.0,0.0,0,0,0,,2026-05-10 02:24:47
9524,,LOT-20260506-651F-010,,,,Chile Serrano,,4568,cam2_20260509_203943.jpg,ambient,4570,cam2_20260509_203946.jpg,,2,28.2,54,0,2230,0,15,0.0,0.0,0,0.0,4,37.2,9.3,0.0,0.0,0,0,0,,2026-05-10 02:39:47
9536,,LOT-20260506-651F-010,,,,Chile Serrano,,4572,cam2_20260509_205443.jpg,ambient,4574,cam2_20260509_205445.jpg,,2,28,55,0,2230,0,15,0.0,0.0,0,0.0,4,37.2,9.3,0.0,0.0,0,0,0,,2026-05-10 02:54:47
9548,,LOT-20260506-651F-010,,,,Chile Serrano,,4576,cam2_20260509_210943.jpg,ambient,4578,cam2_20260509_210945.jpg,,2,28,55,0,2230,0,15,0.0,0.0,0,0.0,4,37.2,9.3,0.0,0.0,0,0,0,,2026-05-10 03:09:47
9560,,LOT-20260506-651F-010,,,,Chile Serrano,,4580,cam2_20260509_212443.jpg,ambient,4582,cam2_20260509_212446.jpg,,2,27.8,55,0,2230,0,15,0.0,0.0,0,0.0,4,37.2,9.3,0.0,0.0,0,0,0,,2026-05-10 03:24:47
9572,,LOT-20260506-651F-010,,,,Chile Serrano,,4584,cam2_20260509_213943.jpg,ambient,4586,cam2_20260509_213946.jpg,,2,27.8,55,0,2230,0,15,0.0,0.0,0,0.0,4,37.2,9.3,0.0,0.0,0,0,0,,2026-05-10 03:39:47
9584,,LOT-20260506-651F-010,,,,Chile Serrano,,4588,cam2_20260509_215443.jpg,ambient,4590,cam2_20260509_215446.jpg,,2,27.8,55,0,2230,0,15,0.0,0.0,0,0.0,4,37.2,9.3,0.0,0.0,0,0,0,,2026-05-10 03:54:47
9596,,LOT-20260506-651F-010,,,,Chile Serrano,,4592,cam2_20260509_220943.jpg,ambient,4594,cam2_20260509_220946.jpg,,2,27.8,55,0,2230,0,15,0.0,0.0,0,0.0,4,37.2,9.3,0.0,0.0,0,0,0,,2026-05-10 04:09:47
9608,,LOT-20260506-651F-010,,,,Chile Serrano,,4596,cam2_20260509_222443.jpg,ambient,4598,cam2_20260509_222446.jpg,,2,27.8,56,0,2230,0,15,0.0,0.0,0,0.0,4,37.2,9.3,0.0,0.0,0,0,0,,2026-05-10 04:24:47
9627,,LOT-20260506-651F-010,,,,Chile Serrano,,4601,cam2_20260509_223943.jpg,ambient,4603,cam2_20260509_223948.jpg,,2,27.8,56,0,2230,0,15,0.0,0.0,0,0.0,4,37.2,9.3,0.0,0.0,0,0,0,,2026-05-10 04:39:49
9632,,LOT-20260506-651F-010,,,,Chile Serrano,,4604,cam2_20260509_225531.jpg,ambient,4606,cam2_20260509_225534.jpg,,2,28.2,50,77.8,2237,0,15,0.0,0.0,0,0.0,4,37.3,9.3,0.0,0.0,0,0,0,,2026-05-10 04:55:35
9644,,LOT-20260506-651F-010,,,,Chile Serrano,,4608,cam2_20260509_231031.jpg,ambient,4610,cam2_20260509_231034.jpg,,2,28.6,49,100,2243,0,15,0.0,0.0,0,0.0,4,37.4,9.3,0.0,0.0,0,0,0,,2026-05-10 05:10:35
9656,,LOT-20260506-651F-010,,,,Chile Serrano,,4612,cam2_20260509_232536.jpg,ambient,4614,cam2_20260509_232539.jpg,,2,28.7,49,70.5,2243,0,15,0.0,0.0,0,0.0,4,37.4,9.3,0.0,0.0,0,0,0,,2026-05-10 05:25:41
9675,,LOT-20260506-651F-010,,,,Chile Serrano,,4617,cam2_20260509_234129.jpg,ambient,4619,cam2_20260509_234133.jpg,,2,28.5,49,100,2243,0,15,0.0,0.0,0,0.0,4,37.4,9.3,0.0,0.0,0,0,0,,2026-05-10 05:41:34
9680,,LOT-20260506-651F-010,,,,Chile Serrano,,4620,cam2_20260509_235626.jpg,ambient,4622,cam2_20260509_235629.jpg,,2,28.7,48,100,2243,0,15,0.0,0.0,0,0.0,4,37.4,9.3,0.0,0.0,0,0,0,,2026-05-10 05:56:30
9699,,LOT-20260506-651F-010,,,,Chile Serrano,,4629,cam2_20260510_001128.jpg,ambient,4631,cam2_20260510_001140.jpg,,2,28.3,48,100,2243,0,15,0.0,0.0,0,0.0,4,37.4,9.3,0.0,0.0,0,0,0,,2026-05-10 06:11:42
9704,,LOT-20260506-651F-010,,,,Chile Serrano,,4632,cam2_20260510_002627.jpg,ambient,4634,cam2_20260510_002634.jpg,,2,28.5,49,100,2243,0,15,0.0,0.0,0,0.0,4,37.4,9.3,0.0,0.0,0,0,0,,2026-05-10 06:26:35
9716,,LOT-20260506-651F-010,,,,Chile Serrano,,4636,cam2_20260510_004128.jpg,ambient,4638,cam2_20260510_004133.jpg,,2,28.4,49,100,2243,0,15,0.0,0.0,0,0.0,4,37.4,9.3,0.0,0.0,0,0,0,,2026-05-10 06:41:34
9735,,LOT-20260506-651F-010,,,,Chile Serrano,,4641,cam2_20260510_005628.jpg,ambient,4643,cam2_20260510_005639.jpg,,2,28.5,50,100,2244,0,15,0.0,0.0,0,0.0,4,37.4,9.3,0.0,0.0,0,0,0,,2026-05-10 06:56:40
9740,,LOT-20260506-651F-010,,,,Chile Serrano,,4644,cam2_20260510_011127.jpg,ambient,4646,cam2_20260510_011132.jpg,,2,28.3,50,100,2244,0,15,0.0,0.0,0,0.0,4,37.4,9.3,0.0,0.0,0,0,0,,2026-05-10 07:11:34
9759,,LOT-20260506-651F-010,,,,Chile Serrano,,4649,cam2_20260510_012627.jpg,ambient,4651,cam2_20260510_012640.jpg,,2,28.2,50,100,2244,0,15,0.0,0.0,0,0.0,4,37.4,9.3,0.0,0.0,0,0,0,,2026-05-10 07:26:41
9764,,LOT-20260506-651F-010,,,,Chile Serrano,,4652,cam2_20260510_014227.jpg,ambient,4654,cam2_20260510_014232.jpg,,2,28.4,51,100,2244,0,15,0.0,0.0,0,0.0,4,37.4,9.3,0.0,0.0,0,0,0,,2026-05-10 07:42:34
9776,,LOT-20260506-651F-010,,,,Chile Serrano,,4656,cam2_20260510_015726.jpg,ambient,4658,cam2_20260510_015729.jpg,,2,28.4,50,100,2244,0,15,0.0,0.0,0,0.0,4,37.4,9.3,0.0,0.0,0,0,0,,2026-05-10 07:57:30
9788,,LOT-20260506-651F-010,,,,Chile Serrano,,4660,cam2_20260510_090939.jpg,ambient,4662,cam2_20260510_090942.jpg,,2,27,51,45.1,2245,0,15,0.0,0.0,0,0.0,4,37.4,9.4,0.0,0.0,0,0,0,,2026-05-10 15:09:44
9800,,LOT-20260506-651F-010,,,,Chile Serrano,,4664,cam2_20260510_092439.jpg,ambient,4666,cam2_20260510_092442.jpg,,2,27.8,47,47.1,2260,0,15,0.0,0.0,0,0.0,4,37.7,9.4,0.0,0.0,0,0,0,,2026-05-10 15:24:43
9812,,LOT-20260506-651F-010,,,,Chile Serrano,,4668,cam2_20260510_093939.jpg,ambient,4670,cam2_20260510_093942.jpg,,2,28.4,46,47.8,2275,0,15,0.0,0.0,0,0.0,4,37.9,9.5,0.0,0.0,0,0,0,,2026-05-10 15:39:43
9824,,LOT-20260506-651F-010,,,,Chile Serrano,,4672,cam2_20260510_095439.jpg,ambient,4674,cam2_20260510_095442.jpg,,2,28.7,44,48.1,2290,0,15,0.0,0.0,0,0.0,4,38.2,9.5,0.0,0.0,0,0,0,,2026-05-10 15:54:43
9836,,LOT-20260506-651F-010,,,,Chile Serrano,,4676,cam2_20260510_100939.jpg,ambient,4678,cam2_20260510_100942.jpg,,2,29,45,47.3,2305,0,15,0.0,0.0,0,0.0,4,38.4,9.6,0.0,0.0,0,0,0,,2026-05-10 16:09:43
9848,,LOT-20260506-651F-010,,,,Chile Serrano,,4680,cam2_20260510_102439.jpg,ambient,4682,cam2_20260510_102442.jpg,,2,29,45,47.5,2319,0,15,0.0,0.0,0,0.0,4,38.6,9.7,0.0,0.0,0,0,0,,2026-05-10 16:24:43
9860,,LOT-20260506-651F-010,,,,Chile Serrano,,4684,cam2_20260510_103939.jpg,ambient,4686,cam2_20260510_103942.jpg,,2,29.1,45,46.5,2334,0,15,0.0,0.0,0,0.0,4,38.9,9.7,0.0,0.0,0,0,0,,2026-05-10 16:39:43
9872,,LOT-20260506-651F-010,,,,Chile Serrano,,4688,cam2_20260510_105439.jpg,ambient,4690,cam2_20260510_105442.jpg,,2,29.2,45,46.9,2349,0,15,0.0,0.0,0,0.0,4,39.1,9.8,0.0,0.0,0,0,0,,2026-05-10 16:54:43
9884,,LOT-20260506-651F-010,,,,Chile Serrano,,4692,cam2_20260510_110939.jpg,ambient,4694,cam2_20260510_110942.jpg,,2,29.3,46,46.7,2364,0,15,0.0,0.0,0,0.0,4,39.4,9.8,0.0,0.0,0,0,0,,2026-05-10 17:09:43
9896,,LOT-20260506-651F-010,,,,Chile Serrano,,4696,cam2_20260510_112439.jpg,ambient,4698,cam2_20260510_112442.jpg,,2,29.3,46,46.6,2379,0,15,0.0,0.0,0,0.0,4,39.6,9.9,0.0,0.0,0,0,0,,2026-05-10 17:24:43
9908,,LOT-20260506-651F-010,,,,Chile Serrano,,4700,cam2_20260510_113939.jpg,ambient,4702,cam2_20260510_113942.jpg,,2,29.6,46,47.1,2394,0,15,0.0,0.0,0,0.0,4,39.9,10.0,0.0,0.0,0,0,0,,2026-05-10 17:39:43
9920,,LOT-20260506-651F-010,,,,Chile Serrano,,4704,cam2_20260510_115528.jpg,ambient,4706,cam2_20260510_115531.jpg,,2,29.6,46,49.9,2410,0,15,0.0,0.0,0,0.0,4,40.2,10.0,0.0,0.0,0,0,0,,2026-05-10 17:55:32
9932,,LOT-20260506-651F-010,,,,Chile Serrano,,4708,cam2_20260510_121028.jpg,ambient,4710,cam2_20260510_121037.jpg,,2,29.7,45,50,2425,0,15,0.0,0.0,0,0.0,4,40.4,10.1,0.0,0.0,0,0,0,,2026-05-10 18:10:38
9944,,LOT-20260506-651F-010,,,,Chile Serrano,,4712,cam2_20260510_122528.jpg,ambient,4714,cam2_20260510_122531.jpg,,2,29.7,44,69.6,2439,0,15,0.0,0.0,0,0.0,4,40.6,10.2,0.0,0.0,0,0,0,,2026-05-10 18:25:32
9956,,LOT-20260506-651F-010,,,,Chile Serrano,,4716,cam2_20260510_124028.jpg,ambient,4718,cam2_20260510_124031.jpg,,2,29.8,44,67.9,2454,0,15,0.0,0.0,0,0.0,4,40.9,10.2,0.0,0.0,0,0,0,,2026-05-10 18:40:32
9968,,LOT-20260506-651F-010,,,,Chile Serrano,,4720,cam2_20260510_125528.jpg,ambient,4722,cam2_20260510_125531.jpg,,2,29.8,44,65.2,2469,0,15,0.0,0.0,0,0.0,4,41.1,10.3,0.0,0.0,0,0,0,,2026-05-10 18:55:32
9980,,LOT-20260506-651F-010,,,,Chile Serrano,,4728,cam2_20260510_131028.jpg,ambient,4730,cam2_20260510_131031.jpg,,2,29.8,45,78.7,2484,0,15,0.0,4.0,0,0.0,4,41.4,10.3,0.1,0.0,0,0,0,,2026-05-10 19:10:32
9992,,LOT-20260506-651F-010,,,,Chile Serrano,,4732,cam2_20260510_132528.jpg,ambient,4734,cam2_20260510_132531.jpg,,2,29.7,46,49.7,2499,0,15,0.0,8.0,0,0.0,4,41.6,10.4,0.1,0.0,0,0,0,,2026-05-10 19:25:32
10004,,LOT-20260506-651F-010,,,,Chile Serrano,,4736,cam2_20260510_134028.jpg,ambient,4738,cam2_20260510_134031.jpg,,2,29.9,45,68.8,2514,0,15,0.0,11.0,0,0.0,4,41.9,10.5,0.2,0.0,0,0,0,,2026-05-10 19:40:32
10016,,LOT-20260506-651F-010,,,,Chile Serrano,,4748,cam2_20260510_135537.jpg,ambient,4750,cam2_20260510_135539.jpg,,2,29.9,54,46.2,2529,0,15,0.0,14.0,0,0.0,4,42.1,10.5,0.2,0.1,0,0,0,,2026-05-10 19:55:41
10028,,LOT-20260506-651F-010,,,,Chile Serrano,,4752,cam2_20260510_141037.jpg,ambient,4754,cam2_20260510_141040.jpg,,2,29.9,48,51.8,2544,0,15,0.0,19.0,0,0.0,4,42.4,10.6,0.3,0.1,0,0,0,,2026-05-10 20:10:41
10040,,LOT-20260506-651F-010,,,,Chile Serrano,,4760,cam2_20260510_142547.jpg,ambient,4762,cam2_20260510_142550.jpg,,2,29.7,62,47.1,2559,0,15,0.0,23.0,0,1.0,4,42.6,10.7,0.4,0.1,0,0,1,,2026-05-10 20:25:52
10052,,LOT-20260506-651F-010,,,,Chile Serrano,,4768,cam2_20260510_144056.jpg,ambient,4769,cam2_20260510_144059.jpg,,2,29.7,47,47.6,2573,0,15,0.0,29.0,0,0.0,4,42.9,10.7,0.5,0.1,0,0,0,,2026-05-10 20:41:01
10064,,LOT-20260506-651F-010,,,,Chile Serrano,,4776,cam2_20260510_145556.jpg,ambient,4778,cam2_20260510_145559.jpg,,2,29.9,58,47.7,2588,0,15,0.0,34.0,0,0.0,4,43.1,10.8,0.6,0.1,0,0,0,,2026-05-10 20:56:00
10076,,LOT-20260506-651F-010,,,,Chile Serrano,,4780,cam2_20260510_151056.jpg,ambient,4782,cam2_20260510_151059.jpg,,2,29.8,58,47.2,2603,0,15,0.0,39.0,0,0.0,5,43.4,8.7,0.7,0.1,0,0,0,,2026-05-10 21:11:01
10088,,LOT-20260506-651F-010,,,,Chile Serrano,,4788,cam2_20260510_152556.jpg,ambient,4790,cam2_20260510_152559.jpg,,2,29.8,63,45.7,2618,0,15,0.0,42.0,0,1.0,5,43.6,8.7,0.7,0.1,0,0,1,,2026-05-10 21:26:01
10100,,LOT-20260506-651F-010,,,,Chile Serrano,,4792,cam2_20260510_154057.jpg,ambient,4794,cam2_20260510_154100.jpg,,2,29.7,49,47.6,2633,0,15,0.0,47.0,0,0.0,5,43.9,8.8,0.8,0.2,0,0,0,,2026-05-10 21:41:01
10112,,LOT-20260506-651F-010,,,,Chile Serrano,,4796,cam2_20260510_155557.jpg,ambient,4798,cam2_20260510_155600.jpg,,2,29.8,47,47.5,2648,0,15,0.0,50.0,0,0.0,5,44.1,8.8,0.8,0.2,0,0,0,,2026-05-10 21:56:01
10124,,LOT-20260506-651F-010,,,,Chile Serrano,,4800,cam2_20260510_161057.jpg,ambient,4801,cam2_20260510_161100.jpg,,2,29.9,59,48.1,2663,0,15,0.0,54.0,0,0.0,5,44.4,8.9,0.9,0.2,0,0,0,,2026-05-10 22:11:01
10136,,LOT-20260506-651F-010,,,,Chile Serrano,,4804,cam2_20260510_162557.jpg,ambient,4806,cam2_20260510_162600.jpg,,2,29.6,51,46.7,2678,0,15,0.0,60.0,0,0.0,5,44.6,8.9,1.0,0.2,0,0,0,,2026-05-10 22:26:01
10148,,LOT-20260506-651F-010,,,,Chile Serrano,,4812,cam2_20260510_164057.jpg,ambient,4814,cam2_20260510_164100.jpg,,2,29.7,49,46.5,2692,0,15,0.0,64.0,0,0.0,5,44.9,9.0,1.1,0.2,0,0,0,,2026-05-10 22:41:01
10160,,LOT-20260506-651F-010,,,,Chile Serrano,,4816,cam2_20260510_165557.jpg,ambient,4818,cam2_20260510_165600.jpg,,2,29.7,48,44,2707,0,15,0.0,67.0,0,0.0,5,45.1,9.0,1.1,0.2,0,0,0,,2026-05-10 22:56:01
10172,,LOT-20260506-651F-010,,,,Chile Serrano,,4820,cam2_20260510_171057.jpg,ambient,4822,cam2_20260510_171100.jpg,,2,29.8,46,47.5,2722,0,15,0.0,70.0,0,0.0,5,45.4,9.1,1.2,0.2,0,0,0,,2026-05-10 23:11:01
10184,,LOT-20260506-651F-010,,,,Chile Serrano,,4824,cam2_20260510_172557.jpg,ambient,4826,cam2_20260510_172600.jpg,,2,29.8,47,45.9,2737,0,15,0.0,74.0,0,0.0,5,45.6,9.1,1.2,0.2,0,0,0,,2026-05-10 23:26:01
10196,,LOT-20260506-651F-010,,,,Chile Serrano,,4828,cam2_20260510_174057.jpg,ambient,4830,cam2_20260510_174100.jpg,,2,29.8,47,46.4,2752,0,15,0.0,77.0,0,0.0,5,45.9,9.2,1.3,0.3,0,0,0,,2026-05-10 23:41:01
10208,,LOT-20260506-651F-010,,,,Chile Serrano,,4832,cam2_20260510_175557.jpg,ambient,4834,cam2_20260510_175600.jpg,,2,29.8,45,45.5,2767,0,15,0.0,80.0,0,0.0,5,46.1,9.2,1.3,0.3,0,0,0,,2026-05-10 23:56:01
10220,,LOT-20260506-651F-010,,,,Chile Serrano,,4836,cam2_20260510_181057.jpg,ambient,4838,cam2_20260510_181100.jpg,,2,29.7,48,45.4,2782,1,15,15.0,84.0,0,3.0,5,46.4,9.3,1.4,0.3,0,0,0,,2026-05-11 00:11:01
10232,,LOT-20260506-651F-010,,,,Chile Serrano,,4840,cam2_20260510_182557.jpg,ambient,4842,cam2_20260510_182600.jpg,,2,29.7,58,44.8,2797,0,15,0.0,87.0,0,0.0,5,46.6,9.3,1.4,0.3,0,0,0,,2026-05-11 00:26:01
10364,,LOT-20260506-651F-010,,,,Chile Serrano,,4884,cam2_20260510_211058.jpg,ambient,4886,cam2_20260510_211101.jpg,,2,29,46,41,2901,0,15,0.0,101.0,0,0.0,5,48.4,9.7,1.7,0.3,0,0,0,,2026-05-11 03:11:04
10376,,LOT-20260506-651F-010,,,,Chile Serrano,,4888,cam2_20260510_212557.jpg,ambient,4890,cam2_20260510_212600.jpg,,2,29.1,47,41.3,2916,0,15,0.0,101.0,0,0.0,5,48.6,9.7,1.7,0.3,0,0,0,,2026-05-11 03:26:02
10388,,LOT-20260506-651F-010,,,,Chile Serrano,,4892,cam2_20260510_214057.jpg,ambient,4894,cam2_20260510_214100.jpg,,2,27.6,45,37.5,2930,0,15,0.0,101.0,0,0.0,5,48.8,9.8,1.7,0.3,0,0,0,,2026-05-11 03:41:01
10400,,LOT-20260506-651F-010,,,,Chile Serrano,,4896,cam2_20260510_215557.jpg,ambient,4898,cam2_20260510_215601.jpg,,2,27.3,47,34.1,2945,0,15,0.0,101.0,0,0.0,5,49.1,9.8,1.7,0.3,0,0,0,,2026-05-11 03:56:03
10412,,LOT-20260506-651F-010,,,,Chile Serrano,,4900,cam2_20260510_221057.jpg,ambient,4902,cam2_20260510_221100.jpg,,2,26.8,42,35.2,2960,0,15,0.0,101.0,0,0.0,5,49.3,9.9,1.7,0.3,0,0,0,,2026-05-11 04:11:02
10424,,LOT-20260506-651F-010,,,,Chile Serrano,,4904,cam2_20260510_222557.jpg,ambient,4906,cam2_20260510_222600.jpg,,2,26.2,40,35.6,2975,0,15,0.0,101.0,0,0.0,5,49.6,9.9,1.7,0.3,0,0,0,,2026-05-11 04:26:02
10436,,LOT-20260506-651F-010,,,,Chile Serrano,,4908,cam2_20260510_224057.jpg,ambient,4910,cam2_20260510_224100.jpg,,2,26.8,40,35.8,2990,0,15,0.0,101.0,0,0.0,5,49.8,10.0,1.7,0.3,0,0,0,,2026-05-11 04:41:02
10448,,LOT-20260506-651F-010,,,,Chile Serrano,,4912,cam2_20260510_225557.jpg,ambient,4914,cam2_20260510_225600.jpg,,2,28,46,33.7,3005,0,15,0.0,101.0,0,0.0,5,50.1,10.0,1.7,0.3,0,0,0,,2026-05-11 04:56:02
10460,,LOT-20260506-651F-010,,,,Chile Serrano,,4916,cam2_20260510_231057.jpg,ambient,4918,cam2_20260510_231100.jpg,,2,28.2,47,35.8,3020,0,15,0.0,101.0,0,0.0,5,50.3,10.1,1.7,0.3,0,0,0,,2026-05-11 05:11:02
10472,,LOT-20260506-651F-010,,,,Chile Serrano,,4920,cam2_20260510_232557.jpg,ambient,4922,cam2_20260510_232600.jpg,,2,28.2,48,35.9,3035,0,15,0.0,101.0,0,0.0,5,50.6,10.1,1.7,0.3,0,0,0,,2026-05-11 05:26:02
10484,,LOT-20260506-651F-010,,,,Chile Serrano,,4924,cam2_20260510_234057.jpg,ambient,4926,cam2_20260510_234101.jpg,,2,28.4,48,37.3,3050,0,15,0.0,101.0,0,0.0,5,50.8,10.2,1.7,0.3,0,0,0,,2026-05-11 05:41:02
10496,,LOT-20260506-651F-010,,,,Chile Serrano,,4928,cam2_20260510_235557.jpg,ambient,4930,cam2_20260510_235600.jpg,,2,28.4,50,35.6,3064,0,15,0.0,101.0,0,0.0,5,51.1,10.2,1.7,0.3,0,0,0,,2026-05-11 05:56:02
10508,,LOT-20260506-651F-010,,,,Chile Serrano,,4932,cam2_20260511_001057.jpg,ambient,4934,cam2_20260511_001100.jpg,,2,28.5,48,34.1,3079,0,15,0.0,101.0,0,0.0,5,51.3,10.3,1.7,0.3,0,0,0,,2026-05-11 06:11:02
10520,,LOT-20260506-651F-010,,,,Chile Serrano,,4936,cam2_20260511_002557.jpg,ambient,4938,cam2_20260511_002600.jpg,,2,28.6,51,36.3,3090,0,15,0.0,101.0,0,0.0,5,51.5,10.3,1.7,0.3,0,0,0,,2026-05-11 06:26:02
10532,,LOT-20260506-651F-010,,,,Chile Serrano,,4940,cam2_20260511_004057.jpg,ambient,4942,cam2_20260511_004100.jpg,,2,28.7,51,35.8,3090,0,15,0.0,101.0,0,0.0,5,51.5,10.3,1.7,0.3,0,0,0,,2026-05-11 06:41:02
10544,,LOT-20260506-651F-010,,,,Chile Serrano,,4944,cam2_20260511_005557.jpg,ambient,4946,cam2_20260511_005600.jpg,,2,28.5,53,34.3,3090,0,15,0.0,101.0,0,0.0,5,51.5,10.3,1.7,0.3,0,0,0,,2026-05-11 06:56:02
10563,,LOT-20260506-651F-010,,,,Chile Serrano,,4949,cam2_20260511_083549.jpg,ambient,4951,cam2_20260511_083554.jpg,,2,26.8,60,15,3091,0,15,0.0,101.0,0,0.0,5,51.5,10.3,1.7,0.3,0,0,0,,2026-05-11 14:35:55
10568,,LOT-20260506-651F-010,,,,Chile Serrano,,4952,cam2_20260511_085049.jpg,ambient,4954,cam2_20260511_085052.jpg,,2,27.2,52,15.1,3106,0,15,0.0,101.0,0,0.0,5,51.8,10.4,1.7,0.3,0,0,0,,2026-05-11 14:50:53
10580,,LOT-20260506-651F-010,,,,Chile Serrano,,4956,cam2_20260511_090549.jpg,ambient,4958,cam2_20260511_090552.jpg,,2,27.9,50,15.1,3121,0,15,0.0,101.0,0,0.0,5,52.0,10.4,1.7,0.3,0,0,0,,2026-05-11 15:05:54
10592,,LOT-20260506-651F-010,,,,Chile Serrano,,4960,cam2_20260511_092049.jpg,ambient,4962,cam2_20260511_092052.jpg,,2,28,50,15.1,3136,0,15,0.0,101.0,0,0.0,5,52.3,10.5,1.7,0.3,0,0,0,,2026-05-11 15:20:54
10604,,LOT-20260506-651F-010,,,,Chile Serrano,,4972,cam2_20260511_093549.jpg,ambient,4974,cam2_20260511_093552.jpg,,2,28.3,49,15.2,3150,0,15,0.0,101.0,0,0.0,5,52.5,10.5,1.7,0.3,0,0,0,,2026-05-11 15:35:54
10616,,LOT-20260506-651F-010,,,,Chile Serrano,,4976,cam2_20260511_095049.jpg,ambient,4978,cam2_20260511_095052.jpg,,2,28.5,49,15.6,3165,0,15,0.0,101.0,0,0.0,5,52.8,10.6,1.7,0.3,0,0,0,,2026-05-11 15:50:54
10628,,LOT-20260506-651F-010,,,,Chile Serrano,,4980,cam2_20260511_100549.jpg,ambient,4982,cam2_20260511_100552.jpg,,2,28.6,48,15.6,3180,0,15,0.0,101.0,0,0.0,5,53.0,10.6,1.7,0.3,0,0,0,,2026-05-11 16:05:54
10640,,LOT-20260506-651F-010,,,,Chile Serrano,,4984,cam2_20260511_102049.jpg,ambient,4986,cam2_20260511_102053.jpg,,2,28.6,48,16,3195,0,15,0.0,101.0,0,0.0,5,53.3,10.7,1.7,0.3,0,0,0,,2026-05-11 16:20:54
10652,,LOT-20260506-651F-010,,,,Chile Serrano,,4988,cam2_20260511_103550.jpg,ambient,4990,cam2_20260511_103554.jpg,,2,28.5,48,16.7,3210,0,15,0.0,101.0,0,0.0,5,53.5,10.7,1.7,0.3,0,0,0,,2026-05-11 16:35:57
10664,,LOT-20260506-651F-010,,,,Chile Serrano,,4992,cam2_20260511_105049.jpg,ambient,4994,cam2_20260511_105052.jpg,,2,28.7,47,15.7,3225,0,15,0.0,102.0,0,0.0,5,53.8,10.8,1.7,0.3,0,0,0,,2026-05-11 16:50:54
10676,,LOT-20260506-651F-010,,,,Chile Serrano,,4996,cam2_20260511_110549.jpg,ambient,4998,cam2_20260511_110552.jpg,,2,28.9,47,16,3240,0,15,0.0,102.0,0,0.0,5,54.0,10.8,1.7,0.3,0,0,0,,2026-05-11 17:05:54
10688,,LOT-20260506-651F-010,,,,Chile Serrano,,5000,cam2_20260511_112149.jpg,ambient,5002,cam2_20260511_112152.jpg,,2,29,48,16,3255,0,15,0.0,102.0,0,0.0,5,54.3,10.8,1.7,0.3,0,0,0,,2026-05-11 17:21:54
10700,,LOT-20260506-651F-010,,,,Chile Serrano,,5004,cam2_20260511_113649.jpg,ambient,5006,cam2_20260511_113654.jpg,,2,29.2,48,16.5,3270,0,15,0.0,102.0,0,0.0,5,54.5,10.9,1.7,0.3,0,0,0,,2026-05-11 17:36:56
10712,,LOT-20260506-651F-010,,,,Chile Serrano,,5008,cam2_20260511_115149.jpg,ambient,5010,cam2_20260511_115153.jpg,,2,29.3,48,16.5,3285,0,15,0.0,102.0,0,0.0,5,54.8,10.9,1.7,0.3,0,0,0,,2026-05-11 17:51:54
10724,,LOT-20260506-651F-010,,,,Chile Serrano,,5012,cam2_20260511_120649.jpg,ambient,5014,cam2_20260511_120652.jpg,,2,29.3,47,16.9,3300,0,15,0.0,102.0,0,0.0,5,55.0,11.0,1.7,0.3,0,0,0,,2026-05-11 18:06:53
10736,,LOT-20260506-651F-010,,,,Chile Serrano,,5016,cam2_20260511_122149.jpg,ambient,5018,cam2_20260511_122152.jpg,,2,29.3,46,16.8,3315,0,15,0.0,102.0,0,0.0,5,55.3,11.1,1.7,0.3,0,0,0,,2026-05-11 18:21:53
10748,,LOT-20260506-651F-010,,,,Chile Serrano,,5020,cam2_20260511_123653.jpg,ambient,5022,cam2_20260511_123656.jpg,,2,29.4,46,19.3,3330,0,15,0.0,102.0,0,0.0,5,55.5,11.1,1.7,0.3,0,0,0,,2026-05-11 18:36:57
10760,,LOT-20260506-651F-010,,,,Chile Serrano,,5024,cam2_20260511_125153.jpg,ambient,5026,cam2_20260511_125156.jpg,,2,29.6,45,17,3345,0,15,0.0,102.0,0,0.0,5,55.8,11.2,1.7,0.3,0,0,0,,2026-05-11 18:51:57
10772,,LOT-20260506-651F-010,,,,Chile Serrano,,5032,cam2_20260511_130653.jpg,ambient,5034,cam2_20260511_130656.jpg,,2,29.6,48,55.4,3360,0,15,0.0,102.0,0,0.0,5,56.0,11.2,1.7,0.3,0,0,0,,2026-05-11 19:06:58
10784,,LOT-20260506-651F-010,,,,Chile Serrano,,5036,cam2_20260511_132153.jpg,ambient,5038,cam2_20260511_132156.jpg,,2,29.5,44,53.6,3375,0,15,0.0,102.0,0,0.0,5,56.3,11.3,1.7,0.3,0,0,0,,2026-05-11 19:21:57
10796,,LOT-20260506-651F-010,,,,Chile Serrano,,5040,cam2_20260511_133653.jpg,ambient,5042,cam2_20260511_133656.jpg,,2,29.5,44,49.7,3389,0,15,0.0,102.0,0,0.0,5,56.5,11.3,1.7,0.3,0,0,0,,2026-05-11 19:36:57
10808,,LOT-20260506-651F-010,,,,Chile Serrano,,5048,cam2_20260511_135225.jpg,ambient,5050,cam2_20260511_135228.jpg,,2,29.6,44,45.2,3405,0,15,0.0,102.0,0,0.0,5,56.8,11.3,1.7,0.3,0,0,0,,2026-05-11 19:52:30
10820,,LOT-20260506-651F-010,,,,Chile Serrano,,5052,cam2_20260511_140814.jpg,ambient,5054,cam2_20260511_140818.jpg,,2,29.5,52,38.3,3421,0,15,0.0,102.0,0,0.0,5,57.0,11.4,1.7,0.3,0,0,0,,2026-05-11 20:08:19
10832,,LOT-20260506-651F-010,,,,Chile Serrano,,5056,cam2_20260511_142314.jpg,ambient,5058,cam2_20260511_142317.jpg,,2,29.6,44,40.1,3435,0,15,0.0,102.0,0,0.0,5,57.3,11.4,1.7,0.3,0,0,0,,2026-05-11 20:23:19
10844,,LOT-20260506-651F-010,,,,Chile Serrano,,5060,cam2_20260511_143814.jpg,ambient,5062,cam2_20260511_143817.jpg,,2,29.5,44,40.5,3450,0,15,0.0,102.0,0,0.0,5,57.5,11.5,1.7,0.3,0,0,0,,2026-05-11 20:38:19
10856,,LOT-20260506-651F-010,,,,Chile Serrano,,5064,cam2_20260511_145314.jpg,ambient,5066,cam2_20260511_145317.jpg,,2,29.6,45,40.1,3465,0,15,0.0,102.0,0,0.0,5,57.8,11.6,1.7,0.3,0,0,0,,2026-05-11 20:53:19
10868,,LOT-20260506-651F-010,,,,Chile Serrano,,5068,cam2_20260511_150814.jpg,ambient,5070,cam2_20260511_150817.jpg,,2,29.6,44,38.7,3480,0,15,0.0,102.0,0,0.0,5,58.0,11.6,1.7,0.3,0,0,0,,2026-05-11 21:08:18
10880,,LOT-20260506-651F-010,,,,Chile Serrano,,5072,cam2_20260511_152314.jpg,ambient,5074,cam2_20260511_152317.jpg,,2,29.7,46,41.1,3495,0,15,0.0,102.0,0,0.0,6,58.3,9.7,1.7,0.3,0,0,0,,2026-05-11 21:23:19
10899,,LOT-20260506-651F-010,,,,Chile Serrano,,5077,cam2_20260511_162347.jpg,ambient,5079,cam2_20260511_162353.jpg,,2,28.7,61,36.9,3555,0,15,0.0,102.0,0,0.0,6,59.3,9.9,1.7,0.3,0,0,0,,2026-05-11 22:23:54
10904,,LOT-20260506-651F-010,,,,Chile Serrano,,5084,cam2_20260511_163847.jpg,ambient,5086,cam2_20260511_163850.jpg,,2,28.9,51,33.1,3570,0,15,0.0,102.0,0,0.0,6,59.5,9.9,1.7,0.3,0,0,0,,2026-05-11 22:38:52
10916,,LOT-20260506-651F-010,,,,Chile Serrano,,5088,cam2_20260511_165347.jpg,ambient,5090,cam2_20260511_165350.jpg,,2,29.4,50,39.3,3585,0,15,0.0,102.0,0,0.0,6,59.8,10.0,1.7,0.3,0,0,0,,2026-05-11 22:53:52
10928,,LOT-20260506-651F-010,,,,Chile Serrano,,5092,cam2_20260511_170847.jpg,ambient,5094,cam2_20260511_170850.jpg,,2,29.5,46,31.3,3600,0,15,0.0,102.0,0,0.0,6,60.0,10.0,1.7,0.3,0,0,0,,2026-05-11 23:08:52
10940,,LOT-20260506-651F-010,,,,Chile Serrano,,5096,cam2_20260511_172347.jpg,ambient,5098,cam2_20260511_172351.jpg,,2,28.7,43,37.2,3615,0,15,0.0,102.0,0,0.0,6,60.3,10.0,1.7,0.3,0,0,0,,2026-05-11 23:23:52
10952,,LOT-20260506-651F-010,,,,Chile Serrano,,5100,cam2_20260511_174004.jpg,ambient,5102,cam2_20260511_174009.jpg,,2,28.2,42,39.8,3631,0,15,0.0,102.0,0,0.0,6,60.5,10.1,1.7,0.3,0,0,0,,2026-05-11 23:40:11
10964,,LOT-20260506-651F-010,,,,Chile Serrano,,5104,cam2_20260511_175505.jpg,ambient,5106,cam2_20260511_175508.jpg,,2,28,42,39.9,3646,0,15,0.0,102.0,0,0.0,6,60.8,10.1,1.7,0.3,0,0,0,,2026-05-11 23:55:09
10976,,LOT-20260506-651F-010,,,,Chile Serrano,,5108,cam2_20260511_181005.jpg,ambient,5110,cam2_20260511_181008.jpg,,2,28.7,44,44.1,3661,1,15,15.0,102.0,0,0.0,6,61.0,10.2,1.7,0.3,0,0,0,,2026-05-12 00:10:10
10995,,LOT-20260506-651F-010,,,,Chile Serrano,,5121,cam2_20260512_001712.jpg,ambient,5123,cam2_20260512_001718.jpg,,2,29,50,1.5,3895,0,15,0.0,106.0,0,0.0,6,64.9,10.8,1.8,0.3,0,0,0,,2026-05-12 06:17:20
11000,,LOT-20260506-651F-010,,,,Chile Serrano,,5128,cam2_20260512_003231.jpg,ambient,5130,cam2_20260512_003234.jpg,,2,29,50,1.4,3906,0,15,0.0,106.0,0,0.0,6,65.1,10.8,1.8,0.3,0,0,0,,2026-05-12 06:32:35
11012,,LOT-20260506-651F-010,,,,Chile Serrano,,5132,cam2_20260512_004731.jpg,ambient,5134,cam2_20260512_004734.jpg,,2,29,50,1.4,3906,0,15,0.0,106.0,0,0.0,6,65.1,10.8,1.8,0.3,0,0,0,,2026-05-12 06:47:35
11024,,LOT-20260506-651F-010,,,,Chile Serrano,,5136,cam2_20260512_010231.jpg,ambient,5138,cam2_20260512_010234.jpg,,2,29,50,1.3,3906,0,15,0.0,106.0,0,0.0,6,65.1,10.8,1.8,0.3,0,0,0,,2026-05-12 07:02:35
11036,,LOT-20260506-651F-010,,,,Chile Serrano,,5140,cam2_20260512_011731.jpg,ambient,5142,cam2_20260512_011734.jpg,,2,29,50,1.2,3906,0,15,0.0,106.0,0,0.0,6,65.1,10.8,1.8,0.3,0,0,0,,2026-05-12 07:17:35
11048,,LOT-20260506-651F-010,,,,Chile Serrano,,5144,cam2_20260512_013231.jpg,ambient,5146,cam2_20260512_013234.jpg,,2,29,50,1.2,3906,0,15,0.0,106.0,0,0.0,6,65.1,10.8,1.8,0.3,0,0,0,,2026-05-12 07:32:35
11067,,LOT-20260506-651F-010,,,,Chile Serrano,,5149,cam2_20260512_014841.jpg,ambient,5151,cam2_20260512_014846.jpg,,2,29,50,1.2,3906,0,15,0.0,106.0,0,0.0,6,65.1,10.8,1.8,0.3,0,0,0,,2026-05-12 07:48:48
11072,,LOT-20260506-651F-010,,,,Chile Serrano,,5152,cam2_20260512_020428.jpg,ambient,5154,cam2_20260512_020431.jpg,,2,29,50,1.2,3906,0,15,0.0,106.0,0,0.0,6,65.1,10.8,1.8,0.3,0,0,0,,2026-05-12 08:04:33
11084,,LOT-20260506-651F-010,,,,Chile Serrano,,5156,cam2_20260512_021928.jpg,ambient,5158,cam2_20260512_021931.jpg,,2,29,50,1.2,3906,0,15,0.0,106.0,0,0.0,6,65.1,10.8,1.8,0.3,0,0,0,,2026-05-12 08:19:32
11096,,LOT-20260506-651F-010,,,,Chile Serrano,,5160,cam2_20260512_023428.jpg,ambient,5162,cam2_20260512_023431.jpg,,2,29,50,1.1,3906,0,15,0.0,106.0,0,0.0,6,65.1,10.8,1.8,0.3,0,0,0,,2026-05-12 08:34:32
11108,,LOT-20260506-651F-010,,,,Chile Serrano,,5164,cam2_20260512_024928.jpg,ambient,5166,cam2_20260512_024931.jpg,,2,29,50,1.1,3907,0,15,0.0,106.0,0,0.0,6,65.1,10.9,1.8,0.3,0,0,0,,2026-05-12 08:49:32
11120,,LOT-20260506-651F-010,,,,Chile Serrano,,5168,cam2_20260512_030428.jpg,ambient,5170,cam2_20260512_030431.jpg,,2,29,50,1,3907,0,15,0.0,106.0,0,0.0,6,65.1,10.9,1.8,0.3,0,0,0,,2026-05-12 09:04:32
11132,,LOT-20260506-651F-010,,,,Chile Serrano,,5172,cam2_20260512_031928.jpg,ambient,5174,cam2_20260512_031931.jpg,,2,29,50,1,3907,0,15,0.0,106.0,0,0.0,6,65.1,10.9,1.8,0.3,0,0,0,,2026-05-12 09:19:32
11151,,LOT-20260506-651F-010,,,,Chile Serrano,,5177,cam2_20260512_033428.jpg,ambient,5179,cam2_20260512_033433.jpg,,2,29,50,0.9,3907,0,15,0.0,106.0,0,0.0,6,65.1,10.9,1.8,0.3,0,0,0,,2026-05-12 09:34:35
11156,,LOT-20260506-651F-010,,,,Chile Serrano,,5180,cam2_20260512_034928.jpg,ambient,5182,cam2_20260512_034931.jpg,,2,29,50,0.9,3907,0,15,0.0,106.0,0,0.0,6,65.1,10.9,1.8,0.3,0,0,0,,2026-05-12 09:49:32
11168,,LOT-20260506-651F-010,,,,Chile Serrano,,5184,cam2_20260512_040428.jpg,ambient,5186,cam2_20260512_040431.jpg,,2,29,50,0.9,3907,0,15,0.0,106.0,0,0.0,6,65.1,10.9,1.8,0.3,0,0,0,,2026-05-12 10:04:32
11180,,LOT-20260506-651F-010,,,,Chile Serrano,,5188,cam2_20260512_041929.jpg,ambient,5190,cam2_20260512_041932.jpg,,2,29,50,0.8,3907,0,15,0.0,106.0,0,0.0,6,65.1,10.9,1.8,0.3,0,0,0,,2026-05-12 10:19:33
11192,,LOT-20260506-651F-010,,,,Chile Serrano,,5192,cam2_20260512_043428.jpg,ambient,5194,cam2_20260512_043431.jpg,,2,29,50,0.9,3907,0,15,0.0,106.0,0,0.0,6,65.1,10.9,1.8,0.3,0,0,0,,2026-05-12 10:34:33
11204,,LOT-20260506-651F-010,,,,Chile Serrano,,5196,cam2_20260512_044928.jpg,ambient,5198,cam2_20260512_044931.jpg,,2,29,50,0.8,3907,0,15,0.0,106.0,0,0.0,6,65.1,10.9,1.8,0.3,0,0,0,,2026-05-12 10:49:32
11216,,LOT-20260506-651F-010,,,,Chile Serrano,,5200,cam2_20260512_050428.jpg,ambient,5202,cam2_20260512_050431.jpg,,2,29,50,0.8,3907,0,15,0.0,106.0,0,0.0,6,65.1,10.9,1.8,0.3,0,0,0,,2026-05-12 11:04:32
11228,,LOT-20260506-651F-010,,,,Chile Serrano,,5204,cam2_20260512_051928.jpg,ambient,5206,cam2_20260512_051931.jpg,,2,29,50,0.7,3907,0,15,0.0,106.0,0,0.0,6,65.1,10.9,1.8,0.3,0,0,0,,2026-05-12 11:19:32
11240,,LOT-20260506-651F-010,,,,Chile Serrano,,5208,cam2_20260512_053428.jpg,ambient,5210,cam2_20260512_053431.jpg,,2,29,50,0.7,3907,0,15,0.0,106.0,0,0.0,6,65.1,10.9,1.8,0.3,0,0,0,,2026-05-12 11:34:32
11252,,LOT-20260506-651F-010,,,,Chile Serrano,,5212,cam2_20260512_054928.jpg,ambient,5214,cam2_20260512_054931.jpg,,2,29,50,0.8,3907,0,15,0.0,106.0,0,0.0,6,65.1,10.9,1.8,0.3,0,0,0,,2026-05-12 11:49:32
11264,,LOT-20260506-651F-010,,,,Chile Serrano,,5216,cam2_20260512_060428.jpg,ambient,5218,cam2_20260512_060431.jpg,,2,29,50,0.7,3907,0,15,0.0,106.0,0,0.0,6,65.1,10.9,1.8,0.3,0,0,0,,2026-05-12 12:04:33
11276,,LOT-20260506-651F-010,,,,Chile Serrano,,5220,cam2_20260512_061928.jpg,ambient,5222,cam2_20260512_061931.jpg,,2,29,50,0.7,3907,0,15,0.0,106.0,0,0.0,6,65.1,10.9,1.8,0.3,0,0,0,,2026-05-12 12:19:32
11288,,LOT-20260506-651F-010,,,,Chile Serrano,,5224,cam2_20260512_063428.jpg,ambient,5226,cam2_20260512_063431.jpg,,2,29,50,0.6,3908,0,15,0.0,106.0,0,0.0,6,65.1,10.9,1.8,0.3,0,0,0,,2026-05-12 12:34:32
11300,,LOT-20260506-651F-010,,,,Chile Serrano,,5228,cam2_20260512_064928.jpg,ambient,5230,cam2_20260512_064931.jpg,,2,29,50,0.7,3908,0,15,0.0,106.0,0,0.0,6,65.1,10.9,1.8,0.3,0,0,0,,2026-05-12 12:49:32
11312,,LOT-20260506-651F-010,,,,Chile Serrano,,5232,cam2_20260512_070428.jpg,ambient,5234,cam2_20260512_070431.jpg,,2,29,50,0.6,3908,0,15,0.0,106.0,0,0.0,6,65.1,10.9,1.8,0.3,0,0,0,,2026-05-12 13:04:32
11324,,LOT-20260506-651F-010,,,,Chile Serrano,,5236,cam2_20260512_071928.jpg,ambient,5238,cam2_20260512_071931.jpg,,2,29,50,0.6,3908,0,15,0.0,106.0,0,0.0,6,65.1,10.9,1.8,0.3,0,0,0,,2026-05-12 13:19:33
11336,,LOT-20260506-651F-010,,,,Chile Serrano,,5240,cam2_20260512_073428.jpg,ambient,5242,cam2_20260512_073431.jpg,,2,29,50,0.6,3908,0,15,0.0,106.0,0,0.0,6,65.1,10.9,1.8,0.3,0,0,0,,2026-05-12 13:34:33
11348,,LOT-20260506-651F-010,,,,Chile Serrano,,5244,cam2_20260512_074928.jpg,ambient,5246,cam2_20260512_074931.jpg,,2,29,50,0.6,3908,0,15,0.0,106.0,0,0.0,6,65.1,10.9,1.8,0.3,0,0,0,,2026-05-12 13:49:33
11360,,LOT-20260506-651F-010,,,,Chile Serrano,,5252,cam2_20260512_080430.jpg,ambient,5254,cam2_20260512_080433.jpg,,2,29,50,0.6,3912,0,15,0.0,106.0,0,0.0,6,65.2,10.9,1.8,0.3,0,0,0,,2026-05-12 14:04:35
11372,,LOT-20260506-651F-010,,,,Chile Serrano,,5256,cam2_20260512_081930.jpg,ambient,5258,cam2_20260512_081933.jpg,,2,29,50,0.6,3927,0,15,0.0,106.0,0,0.0,6,65.5,10.9,1.8,0.3,0,0,0,,2026-05-12 14:19:35
11384,,LOT-20260506-651F-010,,,,Chile Serrano,,5260,cam2_20260512_083430.jpg,ambient,5262,cam2_20260512_083434.jpg,,2,29,50,0.6,3942,0,15,0.0,106.0,0,0.0,6,65.7,11.0,1.8,0.3,0,0,0,,2026-05-12 14:34:35
11396,,LOT-20260506-651F-010,,,,Chile Serrano,,5264,cam2_20260512_084930.jpg,ambient,5266,cam2_20260512_084933.jpg,,2,29,50,0.5,3957,0,15,0.0,106.0,0,0.0,6,66.0,11.0,1.8,0.3,0,0,0,,2026-05-12 14:49:35
11408,,LOT-20260506-651F-010,,,,Chile Serrano,,5268,cam2_20260512_090430.jpg,ambient,5270,cam2_20260512_090433.jpg,,2,29,50,0.5,3972,0,15,0.0,106.0,0,0.0,6,66.2,11.0,1.8,0.3,0,0,0,,2026-05-12 15:04:35
11420,,LOT-20260506-651F-010,,,,Chile Serrano,,5272,cam2_20260512_091930.jpg,ambient,5274,cam2_20260512_091933.jpg,,2,29,50,0.5,3986,0,15,0.0,106.0,0,0.0,6,66.4,11.1,1.8,0.3,0,0,0,,2026-05-12 15:19:35
11432,,LOT-20260506-651F-010,,,,Chile Serrano,,5276,cam2_20260512_093431.jpg,ambient,5278,cam2_20260512_093434.jpg,,2,29,50,0.5,4001,0,15,0.0,106.0,0,0.0,6,66.7,11.1,1.8,0.3,0,0,0,,2026-05-12 15:34:35
11444,,LOT-20260506-651F-010,,,,Chile Serrano,,5280,cam2_20260512_094931.jpg,ambient,5282,cam2_20260512_094934.jpg,,2,29,50,0.5,4016,0,15,0.0,106.0,0,0.0,6,66.9,11.2,1.8,0.3,0,0,0,,2026-05-12 15:49:35
11456,,LOT-20260506-651F-010,,,,Chile Serrano,,5284,cam2_20260512_100431.jpg,ambient,5286,cam2_20260512_100434.jpg,,2,29,50,0.5,4031,0,15,0.0,106.0,0,0.0,6,67.2,11.2,1.8,0.3,0,0,0,,2026-05-12 16:04:35
11468,,LOT-20260506-651F-010,,,,Chile Serrano,,5288,cam2_20260512_101931.jpg,ambient,5290,cam2_20260512_101934.jpg,,2,29,50,0.5,4046,0,15,0.0,106.0,0,0.0,6,67.4,11.2,1.8,0.3,0,0,0,,2026-05-12 16:19:35
11487,,LOT-20260506-651F-010,,,,Chile Serrano,,5293,cam2_20260512_103431.jpg,ambient,5295,cam2_20260512_103436.jpg,,2,29,50,0.5,4061,0,15,0.0,106.0,0,0.0,6,67.7,11.3,1.8,0.3,0,0,0,,2026-05-12 16:34:38
11492,,LOT-20260506-651F-010,,,,Chile Serrano,,5296,cam2_20260512_104931.jpg,ambient,5298,cam2_20260512_104934.jpg,,2,29,50,0.5,4076,0,15,0.0,106.0,0,0.0,6,67.9,11.3,1.8,0.3,0,0,0,,2026-05-12 16:49:35
11504,,LOT-20260506-651F-010,,,,Chile Serrano,,5300,cam2_20260512_110431.jpg,ambient,5302,cam2_20260512_110434.jpg,,2,29,50,0.4,4091,0,15,0.0,106.0,0,0.0,6,68.2,11.4,1.8,0.3,0,0,0,,2026-05-12 17:04:35
11516,,LOT-20260506-651F-010,,,,Chile Serrano,,5304,cam2_20260512_111931.jpg,ambient,5306,cam2_20260512_111934.jpg,,2,29,50,0.4,4106,0,15,0.0,106.0,0,0.0,6,68.4,11.4,1.8,0.3,0,0,0,,2026-05-12 17:19:35
11528,,LOT-20260506-651F-010,,,,Chile Serrano,,5308,cam2_20260512_113431.jpg,ambient,5310,cam2_20260512_113434.jpg,,2,29,50,0.4,4121,0,15,0.0,106.0,0,0.0,6,68.7,11.4,1.8,0.3,0,0,0,,2026-05-12 17:34:35
11540,,LOT-20260506-651F-010,,,,Chile Serrano,,5312,cam2_20260512_114931.jpg,ambient,5314,cam2_20260512_114934.jpg,,2,29,50,0.4,4136,0,15,0.0,106.0,0,0.0,6,68.9,11.5,1.8,0.3,0,0,0,,2026-05-12 17:49:35
11552,,LOT-20260506-651F-010,,,,Chile Serrano,,5316,cam2_20260512_120431.jpg,ambient,5318,cam2_20260512_120434.jpg,,2,29,50,0.4,4150,0,15,0.0,106.0,0,0.0,6,69.2,11.5,1.8,0.3,0,0,0,,2026-05-12 18:04:35
11564,,LOT-20260506-651F-010,,,,Chile Serrano,,5320,cam2_20260512_121931.jpg,ambient,5322,cam2_20260512_121934.jpg,,2,29,50,0.4,4165,0,15,0.0,106.0,0,0.0,6,69.4,11.6,1.8,0.3,0,0,0,,2026-05-12 18:19:35
11576,,LOT-20260506-651F-010,,,,Chile Serrano,,5324,cam2_20260512_123431.jpg,ambient,5326,cam2_20260512_123434.jpg,,2,29,50,0.4,4180,0,15,0.0,106.0,0,0.0,6,69.7,11.6,1.8,0.3,0,0,0,,2026-05-12 18:34:35
11588,,LOT-20260506-651F-010,,,,Chile Serrano,,5328,cam2_20260512_124931.jpg,ambient,5330,cam2_20260512_124934.jpg,,2,29,50,0.4,4195,0,15,0.0,106.0,0,0.0,6,69.9,11.7,1.8,0.3,0,0,0,,2026-05-12 18:49:35
11600,,LOT-20260506-651F-010,,,,Chile Serrano,,5332,cam2_20260512_130431.jpg,ambient,5334,cam2_20260512_130434.jpg,,2,29,50,0.4,4210,0,15,0.0,106.0,0,0.0,6,70.2,11.7,1.8,0.3,0,0,0,,2026-05-12 19:04:35
11612,,LOT-20260506-651F-010,,,,Chile Serrano,,5336,cam2_20260512_131931.jpg,ambient,5338,cam2_20260512_131934.jpg,,2,29,50,0.3,4225,0,15,0.0,106.0,0,0.0,6,70.4,11.7,1.8,0.3,0,0,0,,2026-05-12 19:19:35
11624,,LOT-20260506-651F-010,,,,Chile Serrano,,5340,cam2_20260512_133431.jpg,ambient,5342,cam2_20260512_133434.jpg,,2,29,50,0.3,4240,0,15,0.0,106.0,0,0.0,6,70.7,11.8,1.8,0.3,0,0,0,,2026-05-12 19:34:35
11636,,LOT-20260506-651F-010,,,,Chile Serrano,,5344,cam2_20260512_134931.jpg,ambient,5346,cam2_20260512_134934.jpg,,2,29,50,0.3,4255,0,15,0.0,106.0,0,0.0,6,70.9,11.8,1.8,0.3,0,0,0,,2026-05-12 19:49:35
11648,,LOT-20260506-651F-010,,,,Chile Serrano,,5348,cam2_20260512_140431.jpg,ambient,5350,cam2_20260512_140434.jpg,,2,29,50,0.3,4270,0,15,0.0,106.0,0,0.0,6,71.2,11.9,1.8,0.3,0,0,0,,2026-05-12 20:04:35
11660,,LOT-20260506-651F-010,,,,Chile Serrano,,5352,cam2_20260512_141931.jpg,ambient,5354,cam2_20260512_141934.jpg,,2,29,50,0.2,4285,0,15,0.0,106.0,0,0.0,6,71.4,11.9,1.8,0.3,0,0,0,,2026-05-12 20:19:35
11672,,LOT-20260506-651F-010,,,,Chile Serrano,,5356,cam2_20260512_143431.jpg,ambient,5358,cam2_20260512_143434.jpg,,2,29,50,0.2,4300,0,15,0.0,106.0,0,0.0,6,71.7,11.9,1.8,0.3,0,0,0,,2026-05-12 20:34:35
11684,,LOT-20260506-651F-010,,,,Chile Serrano,,5360,cam2_20260512_144931.jpg,ambient,5362,cam2_20260512_144934.jpg,,2,29,50,0.2,4314,0,15,0.0,106.0,0,0.0,6,71.9,12.0,1.8,0.3,0,0,0,,2026-05-12 20:49:35
11696,,LOT-20260506-651F-010,,,,Chile Serrano,,5364,cam2_20260512_150431.jpg,ambient,5366,cam2_20260512_150434.jpg,,2,29,50,0.1,4329,0,15,0.0,106.0,0,0.0,6,72.2,12.0,1.8,0.3,0,0,0,,2026-05-12 21:04:35
11708,,LOT-20260506-651F-010,,,,Chile Serrano,,5368,cam2_20260512_151931.jpg,ambient,5370,cam2_20260512_151934.jpg,,2,29,50,0.2,4344,0,15,0.0,106.0,0,0.0,7,72.4,10.3,1.8,0.3,0,0,0,,2026-05-12 21:19:35
11720,,LOT-20260506-651F-010,,,,Chile Serrano,,5372,cam2_20260512_153431.jpg,ambient,5374,cam2_20260512_153434.jpg,,2,29,50,0.1,4359,0,15,0.0,106.0,0,0.0,7,72.7,10.4,1.8,0.3,0,0,0,,2026-05-12 21:34:35
11732,,LOT-20260506-651F-010,,,,Chile Serrano,,5376,cam2_20260512_154931.jpg,ambient,5378,cam2_20260512_154934.jpg,,2,29,50,0.1,4374,0,15,0.0,106.0,0,0.0,7,72.9,10.4,1.8,0.3,0,0,0,,2026-05-12 21:49:35
11744,,LOT-20260506-651F-010,,,,Chile Serrano,,5380,cam2_20260512_160431.jpg,ambient,5382,cam2_20260512_160434.jpg,,2,29,50,0.1,4389,0,15,0.0,106.0,0,0.0,7,73.2,10.5,1.8,0.3,0,0,0,,2026-05-12 22:04:35
11756,,LOT-20260506-651F-010,,,,Chile Serrano,,5384,cam2_20260512_161931.jpg,ambient,5386,cam2_20260512_161934.jpg,,2,29,50,0.1,4404,0,15,0.0,106.0,0,0.0,7,73.4,10.5,1.8,0.3,0,0,0,,2026-05-12 22:19:35
11768,,LOT-20260506-651F-010,,,,Chile Serrano,,5388,cam2_20260512_163431.jpg,ambient,5390,cam2_20260512_163434.jpg,,2,29,50,0,4419,0,15,0.0,106.0,0,0.0,7,73.7,10.5,1.8,0.3,0,0,0,,2026-05-12 22:34:35
11780,,LOT-20260506-651F-010,,,,Chile Serrano,,5392,cam2_20260512_164932.jpg,ambient,5394,cam2_20260512_164935.jpg,,2,29,50,0.1,4434,0,15,0.0,106.0,0,0.0,7,73.9,10.6,1.8,0.3,0,0,0,,2026-05-12 22:49:36
11792,,LOT-20260506-651F-010,,,,Chile Serrano,,5396,cam2_20260512_170431.jpg,ambient,5398,cam2_20260512_170434.jpg,,2,29,50,0.1,4449,0,15,0.0,106.0,0,0.0,7,74.2,10.6,1.8,0.3,0,0,0,,2026-05-12 23:04:35
11804,,LOT-20260506-651F-010,,,,Chile Serrano,,5400,cam2_20260512_171931.jpg,ambient,5402,cam2_20260512_171934.jpg,,2,29,50,0.1,4464,0,15,0.0,106.0,0,0.0,7,74.4,10.6,1.8,0.3,0,0,0,,2026-05-12 23:19:35
11816,,LOT-20260506-651F-010,,,,Chile Serrano,,5404,cam2_20260512_173431.jpg,ambient,5406,cam2_20260512_173434.jpg,,2,29,50,0.1,4479,0,15,0.0,106.0,0,0.0,7,74.7,10.7,1.8,0.3,0,0,0,,2026-05-12 23:34:35
11828,,LOT-20260506-651F-010,,,,Chile Serrano,,5408,cam2_20260512_174931.jpg,ambient,5410,cam2_20260512_174934.jpg,,2,29,50,0.1,4493,0,15,0.0,106.0,0,0.0,7,74.9,10.7,1.8,0.3,0,0,0,,2026-05-12 23:49:35
11840,,LOT-20260506-651F-010,,,,Chile Serrano,,5412,cam2_20260512_180431.jpg,ambient,5414,cam2_20260512_180434.jpg,,2,29,50,0.1,4508,1,15,15.0,106.0,0,0.0,7,75.1,10.7,1.8,0.3,0,0,0,,2026-05-13 00:04:35
11852,,LOT-20260506-651F-010,,,,Chile Serrano,,5416,cam2_20260512_181931.jpg,ambient,5418,cam2_20260512_181934.jpg,,2,29,50,0.1,4523,0,15,0.0,106.0,0,0.0,7,75.4,10.8,1.8,0.3,0,0,0,,2026-05-13 00:19:35
11864,,LOT-20260506-651F-010,,,,Chile Serrano,,5420,cam2_20260512_183431.jpg,ambient,5422,cam2_20260512_183434.jpg,,2,29,50,0.1,4538,0,15,0.0,106.0,0,0.0,7,75.6,10.8,1.8,0.3,0,0,0,,2026-05-13 00:34:35
11876,,LOT-20260506-651F-010,,,,Chile Serrano,,5424,cam2_20260512_184931.jpg,ambient,5426,cam2_20260512_184934.jpg,,2,29,50,0.1,4553,0,15,0.0,106.0,0,0.0,7,75.9,10.8,1.8,0.3,0,0,0,,2026-05-13 00:49:35
11888,,LOT-20260506-651F-010,,,,Chile Serrano,,5428,cam2_20260512_190431.jpg,ambient,5430,cam2_20260512_190434.jpg,,2,29,50,0.1,4568,0,15,0.0,106.0,0,0.0,7,76.1,10.9,1.8,0.3,0,0,0,,2026-05-13 01:04:35
11900,,LOT-20260506-651F-010,,,,Chile Serrano,,5432,cam2_20260512_191931.jpg,ambient,5434,cam2_20260512_191934.jpg,,2,29,50,0,4583,0,15,0.0,106.0,0,0.0,7,76.4,10.9,1.8,0.3,0,0,0,,2026-05-13 01:19:35
11912,,LOT-20260506-651F-010,,,,Chile Serrano,,5436,cam2_20260512_193431.jpg,ambient,5438,cam2_20260512_193434.jpg,,2,29,50,0,4598,0,15,0.0,106.0,0,0.0,7,76.6,10.9,1.8,0.3,0,0,0,,2026-05-13 01:34:35
11924,,LOT-20260506-651F-010,,,,Chile Serrano,,5444,cam2_20260512_194931.jpg,ambient,5446,cam2_20260512_194934.jpg,,2,29,50,0.1,4613,0,15,0.0,106.0,0,0.0,7,76.9,11.0,1.8,0.3,0,0,0,,2026-05-13 01:49:35
11936,,LOT-20260506-651F-010,,,,Chile Serrano,,5448,cam2_20260512_200431.jpg,ambient,5450,cam2_20260512_200434.jpg,,2,29,50,0,4623,0,15,0.0,106.0,0,0.0,7,77.0,11.0,1.8,0.3,0,0,0,,2026-05-13 02:04:35
11948,,LOT-20260506-651F-010,,,,Chile Serrano,,5452,cam2_20260512_201931.jpg,ambient,5454,cam2_20260512_201934.jpg,,2,29,50,0,4624,0,15,0.0,106.0,0,0.0,7,77.1,11.0,1.8,0.3,0,0,0,,2026-05-13 02:19:36
11960,,LOT-20260506-651F-010,,,,Chile Serrano,,5456,cam2_20260512_203431.jpg,ambient,5458,cam2_20260512_203434.jpg,,2,29,50,0,4624,0,15,0.0,106.0,0,0.0,7,77.1,11.0,1.8,0.3,0,0,0,,2026-05-13 02:34:35
11972,,LOT-20260506-651F-010,,,,Chile Serrano,,5464,cam2_20260512_204931.jpg,ambient,5466,cam2_20260512_204934.jpg,,2,29,50,0,4624,0,15,0.0,106.0,0,0.0,7,77.1,11.0,1.8,0.3,0,0,0,,2026-05-13 02:49:36
11984,,LOT-20260506-651F-010,,,,Chile Serrano,,5468,cam2_20260512_210431.jpg,ambient,5470,cam2_20260512_210434.jpg,,2,29,50,0,4624,0,15,0.0,106.0,0,0.0,7,77.1,11.0,1.8,0.3,0,0,0,,2026-05-13 03:04:36
11996,,LOT-20260506-651F-010,,,,Chile Serrano,,5472,cam2_20260512_211931.jpg,ambient,5474,cam2_20260512_211934.jpg,,2,29,50,0,4624,0,15,0.0,106.0,0,0.0,7,77.1,11.0,1.8,0.3,0,0,0,,2026-05-13 03:19:36
12008,,LOT-20260506-651F-010,,,,Chile Serrano,,5476,cam2_20260512_213431.jpg,ambient,5478,cam2_20260512_213434.jpg,,2,29,50,0,4624,0,15,0.0,106.0,0,0.0,7,77.1,11.0,1.8,0.3,0,0,0,,2026-05-13 03:34:36
12020,,LOT-20260506-651F-010,,,,Chile Serrano,,5480,cam2_20260512_214931.jpg,ambient,5482,cam2_20260512_214934.jpg,,2,29,50,0,4624,0,15,0.0,106.0,0,0.0,7,77.1,11.0,1.8,0.3,0,0,0,,2026-05-13 03:49:36
12032,,LOT-20260506-651F-010,,,,Chile Serrano,,5484,cam2_20260512_220431.jpg,ambient,5486,cam2_20260512_220434.jpg,,2,29,50,0,4624,0,15,0.0,106.0,0,0.0,7,77.1,11.0,1.8,0.3,0,0,0,,2026-05-13 04:04:35
12044,,LOT-20260506-651F-010,,,,Chile Serrano,,5488,cam2_20260512_221931.jpg,ambient,5490,cam2_20260512_221934.jpg,,2,29,50,0,4624,0,15,0.0,106.0,0,0.0,7,77.1,11.0,1.8,0.3,0,0,0,,2026-05-13 04:19:36
12056,,LOT-20260506-651F-010,,,,Chile Serrano,,5492,cam2_20260512_223431.jpg,ambient,5494,cam2_20260512_223434.jpg,,2,29,50,0,4624,0,15,0.0,106.0,0,0.0,7,77.1,11.0,1.8,0.3,0,0,0,,2026-05-13 04:34:36
12075,,LOT-20260506-651F-010,,,,Chile Serrano,,5497,cam2_20260512_224931.jpg,ambient,5499,cam2_20260512_224937.jpg,,2,29,50,0,4624,0,15,0.0,106.0,0,0.0,7,77.1,11.0,1.8,0.3,0,0,0,,2026-05-13 04:49:38
12080,,LOT-20260506-651F-010,,,,Chile Serrano,,5500,cam2_20260512_230434.jpg,ambient,5502,cam2_20260512_230437.jpg,,2,29,50,0,4624,0,15,0.0,106.0,0,0.0,7,77.1,11.0,1.8,0.3,0,0,0,,2026-05-13 05:04:39
12092,,LOT-20260506-651F-010,,,,Chile Serrano,,5504,cam2_20260512_231931.jpg,ambient,5506,cam2_20260512_231934.jpg,,2,29,50,0,4624,0,15,0.0,106.0,0,0.0,7,77.1,11.0,1.8,0.3,0,0,0,,2026-05-13 05:19:36
12104,,LOT-20260506-651F-010,,,,Chile Serrano,,5508,cam2_20260512_233431.jpg,ambient,5510,cam2_20260512_233434.jpg,,2,29,50,0,4624,0,15,0.0,106.0,0,0.0,7,77.1,11.0,1.8,0.3,0,0,0,,2026-05-13 05:34:36
12116,,LOT-20260506-651F-010,,,,Chile Serrano,,5512,cam2_20260512_234931.jpg,ambient,5514,cam2_20260512_234934.jpg,,2,29,50,0,4624,0,15,0.0,106.0,0,0.0,7,77.1,11.0,1.8,0.3,0,0,0,,2026-05-13 05:49:36
12128,,LOT-20260506-651F-010,,,,Chile Serrano,,5516,cam2_20260513_000431.jpg,ambient,5518,cam2_20260513_000434.jpg,,2,29,50,0,4624,0,15,0.0,106.0,0,0.0,7,77.1,11.0,1.8,0.3,0,0,0,,2026-05-13 06:04:36
12140,,LOT-20260506-651F-010,,,,Chile Serrano,,5520,cam2_20260513_001931.jpg,ambient,5522,cam2_20260513_001934.jpg,,2,29,50,0,4624,0,15,0.0,106.0,0,0.0,7,77.1,11.0,1.8,0.3,0,0,0,,2026-05-13 06:19:36
12152,,LOT-20260506-651F-010,,,,Chile Serrano,,5524,cam2_20260513_003431.jpg,ambient,5526,cam2_20260513_003434.jpg,,2,29,50,0,4624,0,15,0.0,106.0,0,0.0,7,77.1,11.0,1.8,0.3,0,0,0,,2026-05-13 06:34:36
12164,,LOT-20260506-651F-010,,,,Chile Serrano,,5528,cam2_20260513_004931.jpg,ambient,5530,cam2_20260513_004934.jpg,,2,29,50,0,4624,0,15,0.0,106.0,0,0.0,7,77.1,11.0,1.8,0.3,0,0,0,,2026-05-13 06:49:36
12176,,LOT-20260506-651F-010,,,,Chile Serrano,,5532,cam2_20260513_010431.jpg,ambient,5534,cam2_20260513_010434.jpg,,2,29,50,0,4624,0,15,0.0,106.0,0,0.0,7,77.1,11.0,1.8,0.3,0,0,0,,2026-05-13 07:04:36
12188,,LOT-20260506-651F-010,,,,Chile Serrano,,5536,cam2_20260513_011931.jpg,ambient,5538,cam2_20260513_011934.jpg,,2,29,50,0,4624,0,15,0.0,106.0,0,0.0,7,77.1,11.0,1.8,0.3,0,0,0,,2026-05-13 07:19:36
12200,,LOT-20260506-651F-010,,,,Chile Serrano,,5540,cam2_20260513_013431.jpg,ambient,5542,cam2_20260513_013434.jpg,,2,29,50,0,4625,0,15,0.0,106.0,0,0.0,7,77.1,11.0,1.8,0.3,0,0,0,,2026-05-13 07:34:36
12212,,LOT-20260506-651F-010,,,,Chile Serrano,,5544,cam2_20260513_014931.jpg,ambient,5546,cam2_20260513_014934.jpg,,2,29,50,0,4637,0,15,0.0,106.0,0,0.0,7,77.3,11.0,1.8,0.3,0,0,0,,2026-05-13 07:49:36
12224,,LOT-20260506-651F-010,,,,Chile Serrano,,5548,cam2_20260513_020431.jpg,ambient,5550,cam2_20260513_020434.jpg,,2,29,50,0,4651,0,15,0.0,106.0,0,0.0,7,77.5,11.1,1.8,0.3,0,0,0,,2026-05-13 08:04:36
12236,,LOT-20260506-651F-010,,,,Chile Serrano,,5552,cam2_20260513_021931.jpg,ambient,5554,cam2_20260513_021934.jpg,,2,29,50,0,4666,0,15,0.0,106.0,0,0.0,7,77.8,11.1,1.8,0.3,0,0,0,,2026-05-13 08:19:36
12248,,LOT-20260506-651F-010,,,,Chile Serrano,,5556,cam2_20260513_023431.jpg,ambient,5558,cam2_20260513_023434.jpg,,2,29,50,0.1,4681,0,15,0.0,106.0,0,0.0,7,78.0,11.1,1.8,0.3,0,0,0,,2026-05-13 08:34:36
12260,,LOT-20260506-651F-010,,,,Chile Serrano,,5560,cam2_20260513_024931.jpg,ambient,5562,cam2_20260513_024934.jpg,,2,29,50,0,4696,0,15,0.0,106.0,0,0.0,7,78.3,11.2,1.8,0.3,0,0,0,,2026-05-13 08:49:36
12272,,LOT-20260506-651F-010,,,,Chile Serrano,,5564,cam2_20260513_030431.jpg,ambient,5566,cam2_20260513_030435.jpg,,2,29,50,0,4711,0,15,0.0,106.0,0,0.0,7,78.5,11.2,1.8,0.3,0,0,0,,2026-05-13 09:04:36
12284,,LOT-20260506-651F-010,,,,Chile Serrano,,5568,cam2_20260513_031932.jpg,ambient,5570,cam2_20260513_031935.jpg,,2,29,50,0,4726,0,15,0.0,106.0,0,0.0,7,78.8,11.3,1.8,0.3,0,0,0,,2026-05-13 09:19:37
12296,,LOT-20260506-651F-010,,,,Chile Serrano,,5572,cam2_20260513_033431.jpg,ambient,5574,cam2_20260513_033434.jpg,,2,29,50,0,4741,0,15,0.0,106.0,0,0.0,7,79.0,11.3,1.8,0.3,0,0,0,,2026-05-13 09:34:36
12308,,LOT-20260506-651F-010,,,,Chile Serrano,,5576,cam2_20260513_034931.jpg,ambient,5578,cam2_20260513_034934.jpg,,2,29,50,0,4756,0,15,0.0,106.0,0,0.0,7,79.3,11.3,1.8,0.3,0,0,0,,2026-05-13 09:49:36
12320,,LOT-20260506-651F-010,,,,Chile Serrano,,5580,cam2_20260513_040431.jpg,ambient,5582,cam2_20260513_040434.jpg,,2,29,50,0,4771,0,15,0.0,106.0,0,0.0,7,79.5,11.4,1.8,0.3,0,0,0,,2026-05-13 10:04:36
12332,,LOT-20260506-651F-010,,,,Chile Serrano,,5584,cam2_20260513_041931.jpg,ambient,5586,cam2_20260513_041934.jpg,,2,29,50,0,4785,0,15,0.0,106.0,0,0.0,7,79.8,11.4,1.8,0.3,0,0,0,,2026-05-13 10:19:36
12344,,LOT-20260506-651F-010,,,,Chile Serrano,,5588,cam2_20260513_043431.jpg,ambient,5590,cam2_20260513_043434.jpg,,2,29,50,0,4800,0,15,0.0,106.0,0,0.0,7,80.0,11.4,1.8,0.3,0,0,0,,2026-05-13 10:34:36
12356,,LOT-20260506-651F-010,,,,Chile Serrano,,5592,cam2_20260513_044931.jpg,ambient,5594,cam2_20260513_044934.jpg,,2,29,50,0,4815,0,15,0.0,106.0,0,0.0,7,80.3,11.5,1.8,0.3,0,0,0,,2026-05-13 10:49:36
12368,,LOT-20260506-651F-010,,,,Chile Serrano,,5596,cam2_20260513_050431.jpg,ambient,5598,cam2_20260513_050434.jpg,,2,29,50,0,4830,0,15,0.0,106.0,0,0.0,7,80.5,11.5,1.8,0.3,0,0,0,,2026-05-13 11:04:36
12380,,LOT-20260506-651F-010,,,,Chile Serrano,,5600,cam2_20260513_051931.jpg,ambient,5602,cam2_20260513_051935.jpg,,2,29,50,0,4845,0,15,0.0,106.0,0,0.0,7,80.8,11.5,1.8,0.3,0,0,0,,2026-05-13 11:19:37
12392,,LOT-20260506-651F-010,,,,Chile Serrano,,5604,cam2_20260513_053431.jpg,ambient,5606,cam2_20260513_053434.jpg,,2,29,50,0,4860,0,15,0.0,106.0,0,0.0,7,81.0,11.6,1.8,0.3,0,0,0,,2026-05-13 11:34:36
12404,,LOT-20260506-651F-010,,,,Chile Serrano,,5608,cam2_20260513_054931.jpg,ambient,5610,cam2_20260513_054934.jpg,,2,29,50,0,4875,0,15,0.0,106.0,0,0.0,7,81.3,11.6,1.8,0.3,0,0,0,,2026-05-13 11:49:36
12416,,LOT-20260506-651F-010,,,,Chile Serrano,,5612,cam2_20260513_060431.jpg,ambient,5614,cam2_20260513_060434.jpg,,2,29,50,0,4890,0,15,0.0,106.0,0,0.0,7,81.5,11.6,1.8,0.3,0,0,0,,2026-05-13 12:04:36
12428,,LOT-20260506-651F-010,,,,Chile Serrano,,5616,cam2_20260513_061931.jpg,ambient,5618,cam2_20260513_061934.jpg,,2,29,50,0,4905,0,15,0.0,106.0,0,0.0,7,81.8,11.7,1.8,0.3,0,0,0,,2026-05-13 12:19:36
12440,,LOT-20260506-651F-010,,,,Chile Serrano,,5620,cam2_20260513_063431.jpg,ambient,5622,cam2_20260513_063435.jpg,,2,29,50,0,4920,0,15,0.0,106.0,0,0.0,7,82.0,11.7,1.8,0.3,0,0,0,,2026-05-13 12:34:36
12452,,LOT-20260506-651F-010,,,,Chile Serrano,,5624,cam2_20260513_064931.jpg,ambient,5626,cam2_20260513_064934.jpg,,2,29,50,0,4934,0,15,0.0,106.0,0,0.0,7,82.2,11.7,1.8,0.3,0,0,0,,2026-05-13 12:49:36
12464,,LOT-20260506-651F-010,,,,Chile Serrano,,5628,cam2_20260513_070431.jpg,ambient,5630,cam2_20260513_070435.jpg,,2,29,50,0,4949,0,15,0.0,106.0,0,0.0,7,82.5,11.8,1.8,0.3,0,0,0,,2026-05-13 13:04:36
